ax,ay,az,gx,gy,gz,label
-0.84,0.9,8.68,0.04,0.12,0.01,down
-0.62,0.78,8.76,-0.14,-0.01,0.02,down
-1.0,0.85,8.76,0.09,0.0,-0.1,down
-0.92,0.19,9.13,-0.13,-0.15,-0.08,down
-1.32,0.82,8.98,-0.04,0.03,-0.17,down
-1.21,0.69,8.58,-0.07,-0.04,-0.01,down
-0.92,1.33,9.16,-0.37,-0.31,-0.01,down
-0.87,0.64,9.43,-0.13,-0.19,-0.04,down
-0.57,0.57,9.14,-0.02,-0.04,-0.03,down
-0.6,1.09,8.53,-0.08,0.1,-0.0,down
-0.69,1.11,8.8,-0.18,-0.08,-0.0,down
-0.46,0.87,8.93,-0.04,-0.02,-0.01,down
-0.47,1.13,8.86,0.04,-0.11,-0.04,down
-0.77,0.99,8.83,-0.14,0.03,-0.02,down
-0.56,0.92,8.71,-0.12,0.03,-0.02,down
-0.63,0.86,8.97,-0.09,0.0,-0.01,down
-0.62,0.86,8.9,-0.09,0.03,-0.02,down
-0.64,0.72,9.02,-0.13,0.01,-0.0,down
-0.62,0.89,8.74,-0.04,0.09,-0.01,down
-0.62,0.85,9.01,-0.21,-0.02,-0.01,down
-0.72,0.88,8.95,-0.03,0.05,-0.0,down
-0.61,0.85,8.78,-0.1,0.0,0.02,down
-0.65,0.83,9.01,-0.2,0.03,0.02,down
-0.76,0.78,9.11,-0.09,0.06,0.02,down
-0.73,0.76,8.92,-0.14,-0.01,0.02,down
-0.63,0.7,8.95,-0.19,-0.04,0.0,down
-0.57,0.59,8.95,-0.15,-0.03,-0.01,down
-0.45,0.42,8.83,-0.08,0.04,-0.02,down
-0.61,0.6,8.91,-0.02,0.17,-0.06,down
-0.7,0.44,9.11,-0.17,0.03,-0.08,down
-0.71,0.28,8.84,-0.12,0.07,-0.05,down
-0.66,0.22,9.09,-0.13,-0.06,-0.03,down
-0.6,0.26,9.02,-0.03,0.02,0.01,down
-0.69,0.18,8.87,-0.16,-0.01,-0.03,down
-0.58,0.14,8.95,-0.13,-0.01,-0.01,down
-0.6,0.15,8.96,-0.1,0.03,0.0,down
-0.6,0.2,8.97,-0.06,-0.0,-0.04,down
-0.6,0.11,8.8,-0.18,0.06,-0.0,down
-0.49,0.03,9.04,-0.35,-0.0,-0.01,down
-0.5,-0.6,9.1,-0.22,0.02,-0.06,down
-0.6,-0.45,9.05,-0.13,0.05,-0.0,down
-0.71,-0.55,8.96,-0.12,-0.01,-0.04,down
-0.5,-0.55,8.89,-0.21,-0.01,0.0,down
-0.61,-0.65,8.89,-0.19,0.06,-0.01,down
-0.62,-0.48,8.75,-0.06,0.08,-0.02,down
-0.68,-0.69,8.93,-0.18,0.05,-0.05,down
-0.6,-0.87,8.97,-0.17,0.02,-0.01,down
-0.76,-1.12,9.17,-0.32,-0.12,-0.1,down
-0.76,-1.13,8.97,-0.19,0.09,0.0,down
-0.83,-1.26,8.98,-0.13,0.04,0.02,down
-0.65,-1.42,8.88,-0.19,0.01,-0.03,down
-0.74,-1.43,8.8,-0.12,0.03,-0.04,down
-0.82,-1.92,8.94,-0.39,-0.07,0.03,down
-0.7,-1.98,8.93,-0.27,-0.06,-0.04,down
-0.52,-2.11,8.88,-0.35,-0.12,-0.11,down
-0.46,-2.54,8.56,-0.36,0.01,-0.01,down
-0.27,-2.89,8.38,-0.41,-0.13,-0.1,down
-0.36,-2.89,8.6,-0.17,0.08,0.02,down
-0.34,-3.12,8.44,-0.19,0.04,-0.01,down
-0.36,-3.36,8.73,-0.17,0.08,-0.04,down
-0.48,-3.21,8.39,-0.07,0.17,0.01,down
-0.58,-3.13,8.56,-0.04,-0.0,-0.04,down
-0.51,-3.33,8.68,-0.41,0.07,0.08,down
0.02,-3.05,8.21,0.21,0.04,-0.04,down
-0.34,-3.55,8.41,-0.14,-0.05,-0.06,down
-0.4,-3.57,8.45,-0.2,0.08,-0.03,down
-0.23,-3.93,8.36,-0.18,0.08,-0.14,down
-0.32,-3.5,8.37,0.05,0.13,0.0,down
-0.22,-3.61,8.36,-0.19,0.07,0.03,down
-0.49,-3.75,8.17,-0.2,0.18,-0.12,down
-0.37,-3.89,8.19,-0.05,0.07,-0.01,down
-0.63,-4.03,8.15,-0.18,-0.02,0.01,down
-0.19,-3.93,8.01,-0.04,-0.07,-0.02,down
-0.09,-4.43,8.23,-0.49,-0.15,-0.17,down
-0.36,-4.64,7.79,-0.13,0.02,-0.36,down
-0.13,-4.72,8.45,0.0,-0.14,0.11,down
-0.23,-4.55,7.5,0.09,0.07,-0.06,down
-0.47,-4.46,7.57,-0.19,-0.09,0.08,down
-0.62,-4.7,8.06,-0.31,0.09,0.04,down
-0.19,-4.82,8.03,-0.09,0.05,0.02,down
-0.67,-4.72,7.69,-0.27,0.12,-0.02,down
-0.51,-4.86,7.53,-0.31,-0.02,-0.13,down
-0.56,-5.08,7.75,-0.01,0.15,0.04,down
-0.34,-5.17,8.18,-0.22,-0.1,0.06,down
-0.56,-5.31,7.43,-0.2,0.04,-0.06,down
-0.71,-5.32,7.59,-0.03,0.06,-0.09,down
-0.39,-5.23,7.39,-0.15,-0.27,-0.13,down
-0.48,-5.45,7.33,-0.05,-0.15,0.01,down
-0.65,-5.17,7.54,0.04,-0.16,-0.11,down
-0.18,-5.76,7.36,-0.23,-0.0,-0.15,down
0.21,-5.51,7.58,-0.2,-0.05,0.07,down
-0.47,-6.02,7.13,-0.24,-0.1,-0.05,down
-0.42,-6.12,6.96,-0.35,0.06,-0.08,down
-0.06,-6.13,6.72,-0.22,0.03,0.01,down
-0.05,-6.34,6.83,-0.23,0.01,-0.0,down
-0.23,-6.27,6.71,-0.17,0.05,-0.06,down
-0.1,-6.47,6.6,-0.24,-0.04,-0.01,down
-0.34,-6.7,6.51,-0.24,-0.09,-0.04,down
-0.35,-6.67,6.3,-0.18,0.07,0.02,down
-0.21,-6.76,6.43,-0.23,0.2,0.02,down
-0.29,-6.73,6.27,-0.15,0.07,-0.06,down
-0.32,-6.99,6.35,-0.18,0.06,-0.02,down
-0.34,-7.0,6.21,-0.2,-0.22,0.0,down
-0.25,-7.08,5.91,-0.13,-0.14,-0.0,down
-0.23,-7.3,5.87,-0.14,0.0,-0.04,down
-0.33,-7.17,5.93,-0.14,-0.07,-0.06,down
-0.37,-7.22,5.71,-0.12,0.03,0.0,down
-0.28,-7.38,5.88,-0.23,-0.05,0.0,down
-0.06,-7.3,5.78,-0.14,-0.1,-0.02,down
0.18,-7.44,5.65,-0.17,-0.04,0.06,down
-0.24,-7.53,5.27,-0.16,0.03,0.03,down
-0.19,-7.56,5.51,-0.21,0.11,-0.02,down
0.11,-7.4,5.63,-0.11,0.0,0.04,down
-0.16,-7.74,5.17,-0.19,0.09,-0.06,down
0.06,-7.74,5.5,-0.19,0.08,0.05,down
-0.09,-7.94,5.33,-0.22,-0.07,-0.08,down
-0.31,-8.01,4.89,-0.25,0.16,-0.07,down
0.02,-7.94,5.13,-0.24,0.07,-0.09,down
-0.07,-8.18,4.9,-0.24,0.04,0.05,down
-0.19,-8.59,4.77,-0.26,0.07,-0.01,down
-0.25,-7.99,4.39,-0.24,0.06,0.07,down
0.31,-8.13,4.51,-0.26,0.02,-0.03,down
0.07,-8.39,4.4,-0.2,0.02,0.05,down
-0.04,-8.42,4.38,-0.3,-0.04,-0.03,down
-0.32,-8.49,3.85,-0.24,0.11,0.0,down
-0.24,-8.75,3.91,-0.28,0.0,0.05,down
-0.37,-8.88,3.77,-0.14,0.02,-0.01,down
0.04,-8.64,3.88,-0.14,-0.04,-0.05,down
0.24,-8.72,3.63,-0.09,-0.02,-0.04,down
0.11,-8.72,3.65,-0.04,-0.01,0.03,down
0.16,-8.56,3.84,0.03,0.05,-0.03,down
0.08,-8.62,3.85,0.05,0.13,-0.05,down
-0.06,-8.74,4.29,0.13,0.06,0.01,down
-0.31,-8.74,4.01,0.02,0.07,0.05,down
-0.34,-8.35,4.16,0.04,0.08,-0.02,down
-0.13,-8.42,4.22,-0.0,0.16,-0.0,down
0.05,-8.18,4.83,0.06,0.1,0.05,down
-0.24,-8.22,4.56,0.11,-0.1,0.04,down
-0.18,-7.96,4.61,0.13,0.12,-0.05,down
0.03,-7.98,5.17,0.13,-0.0,-0.07,down
-0.19,-7.89,5.15,0.18,-0.06,0.03,down
-0.41,-7.91,5.16,0.12,-0.0,-0.0,down
-0.38,-7.66,5.32,0.19,-0.01,-0.0,down
-0.35,-7.48,5.62,0.2,0.04,0.0,down
-0.41,-7.19,5.85,0.21,-0.05,-0.01,down
-0.23,-7.02,5.98,0.17,0.09,-0.01,down
-0.2,-6.85,6.45,0.14,0.22,-0.05,down
-0.41,-6.81,6.43,0.08,0.07,-0.02,down
-0.15,-6.28,6.87,0.17,-0.03,0.06,down
-0.34,-6.19,6.84,0.18,-0.1,0.15,down
-0.32,-5.96,6.8,0.1,0.21,0.07,down
-0.89,-5.95,7.07,0.32,0.02,0.11,down
-0.45,-5.28,7.43,0.01,0.21,-0.01,down
-0.56,-5.59,7.41,-0.01,0.03,0.08,down
-0.59,-5.28,7.23,0.19,0.15,0.04,down
-0.23,-5.25,7.72,0.19,-0.05,0.02,down
-0.4,-4.96,7.44,0.13,-0.01,0.08,down
-0.7,-4.61,7.47,0.3,-0.03,0.03,down
-0.28,-4.13,8.3,0.13,-0.22,-0.05,down
-0.35,-4.05,8.08,0.07,0.01,0.1,down
-0.37,-4.03,8.09,0.08,0.03,0.02,down
-0.57,-4.03,8.07,0.13,0.07,0.1,down
-0.49,-3.75,8.39,0.07,0.11,-0.02,down
-0.6,-3.73,8.17,-0.12,0.17,0.03,down
-0.66,-3.51,8.26,0.01,-0.01,0.04,down
-0.75,-3.54,8.42,0.0,0.06,-0.03,down
-0.79,-3.6,8.45,-0.01,0.05,-0.01,down
-0.86,-3.62,8.37,-0.08,0.05,-0.03,down
-1.01,-3.53,8.11,-0.07,0.13,0.03,down
-0.69,-3.16,8.4,0.01,0.0,0.02,down
-0.69,-3.19,8.32,-0.01,-0.0,0.04,down
-0.76,-3.16,8.53,0.04,0.05,-0.0,down
-0.82,-3.0,8.51,-0.02,0.03,-0.02,down
-0.76,-2.93,8.42,0.02,-0.01,0.04,down
-0.8,-3.02,8.7,0.01,0.07,0.0,down
-0.84,-2.93,8.37,-0.06,0.06,-0.02,down
-0.8,-2.8,8.64,-0.03,0.09,-0.04,down
-0.95,-2.85,8.59,-0.07,0.09,-0.04,down
-0.87,-2.52,8.54,-0.01,-0.02,-0.03,down
-0.95,-2.77,8.67,-0.03,0.08,0.01,down
-0.99,-2.55,8.54,-0.06,0.1,0.02,down
-1.01,-2.6,8.76,-0.02,0.03,-0.01,down
-0.98,-2.49,8.6,0.01,0.02,-0.0,down
-0.85,-2.42,8.85,-0.0,0.05,0.03,down
-1.12,-2.36,8.76,0.04,-0.0,0.04,down
-0.84,-2.17,8.61,-0.07,0.09,0.05,down
-0.92,-2.04,8.82,-0.01,-0.03,0.05,down
-1.01,-1.99,8.87,-0.01,-0.11,0.02,down
-1.15,-2.06,8.76,0.09,-0.27,-0.01,down
-0.98,-2.05,8.8,0.03,0.05,-0.03,down
-0.91,-1.7,8.57,0.13,0.12,-0.01,down
-1.29,-1.72,9.07,0.02,-0.03,0.06,down
-1.23,-1.7,8.52,0.02,0.05,0.03,down
-1.16,-1.58,8.76,0.09,-0.03,0.03,down
-1.19,-1.3,9.06,0.01,0.01,0.01,down
-1.19,-1.05,9.05,0.05,0.02,0.01,down
-1.12,-1.04,8.9,0.12,0.01,0.02,down
-1.22,-0.95,8.73,-0.02,0.09,-0.03,down
-1.32,-0.88,8.79,-0.07,0.09,0.02,down
-1.4,-0.79,8.77,-0.01,0.21,0.04,down
-1.56,-0.69,9.0,-0.01,0.04,-0.03,down
-1.46,-0.75,8.65,-0.05,0.02,0.04,down
-1.31,-0.51,8.8,0.07,0.1,0.05,down
-1.47,-0.48,8.72,0.05,-0.02,0.03,down
-1.4,-0.36,8.79,0.03,0.02,-0.01,down
-1.44,-0.35,8.62,-0.01,0.04,0.01,down
-1.64,-0.27,8.71,0.06,0.14,0.01,down
-1.77,-0.14,8.83,-0.12,0.07,0.03,down
-1.47,-0.06,8.82,0.0,0.0,0.01,down
-1.14,0.19,8.76,-0.1,-0.09,-0.0,down
-1.31,0.02,8.79,0.04,0.04,0.01,down
-1.34,0.29,8.95,0.05,0.09,0.01,down
-1.18,0.6,8.71,0.09,-0.03,-0.03,down
-1.24,0.58,8.94,0.07,-0.12,0.03,down
-1.24,0.7,8.66,0.02,-0.15,0.04,down
-1.22,0.59,8.83,-0.03,-0.05,-0.03,down
-1.41,0.59,8.98,0.07,0.03,-0.02,down
-0.94,1.08,9.1,-0.04,-0.07,-0.04,down
-1.02,1.01,8.71,0.07,-0.18,0.04,down
-1.18,0.82,9.05,-0.04,-0.1,-0.03,down
-1.3,0.8,8.95,-0.08,-0.0,-0.06,down
-0.95,0.99,8.83,-0.13,0.04,0.02,down
-1.14,0.93,8.89,-0.1,-0.03,-0.01,down
-1.05,0.85,8.83,-0.06,0.0,-0.01,down
-1.06,0.84,8.81,-0.15,-0.04,-0.05,down
-1.18,0.7,9.05,-0.16,0.01,-0.03,down
-1.07,0.66,9.01,-0.15,-0.06,-0.02,down
-1.03,0.57,8.89,-0.16,-0.07,-0.04,down
-1.11,0.42,8.91,-0.15,-0.02,-0.05,down
-1.05,0.4,8.93,-0.12,0.04,-0.02,down
-0.9,0.47,8.98,-0.07,-0.03,-0.01,down
-1.06,0.3,8.9,-0.08,-0.04,0.03,down
-1.22,0.06,8.75,-0.08,0.03,0.02,down
-1.0,0.42,9.04,-0.12,-0.04,-0.02,down
-1.2,0.19,8.93,-0.06,-0.03,-0.05,down
-1.08,0.2,8.98,-0.16,-0.07,0.02,down
-1.22,-0.03,8.6,-0.12,0.2,-0.05,down
-1.22,-0.05,8.88,-0.14,0.07,-0.02,down
-1.21,0.04,9.0,-0.13,0.01,0.01,down
-1.28,-0.29,9.0,-0.16,0.0,-0.04,down
-1.17,-0.13,8.66,-0.13,0.03,-0.01,down
-1.16,-0.02,8.87,-0.09,-0.0,-0.01,down
-1.17,-0.24,8.96,-0.14,-0.08,0.0,down
-1.29,-0.39,8.79,-0.1,0.01,-0.04,down
-1.03,-0.17,8.81,-0.12,0.08,-0.05,down
-1.21,-0.4,8.81,-0.19,0.02,-0.02,down
-1.2,-0.45,9.05,-0.12,-0.04,-0.01,down
-1.08,-0.47,8.84,-0.13,-0.01,0.0,down
-1.02,-0.41,8.91,-0.1,0.01,-0.01,down
-1.17,-0.65,8.83,-0.14,0.03,-0.04,down
-1.14,-0.79,9.07,-0.19,0.01,-0.05,down
-1.02,-0.68,8.79,-0.16,-0.03,-0.04,down
-1.02,-0.86,8.91,-0.12,0.03,-0.01,down
-1.15,-1.07,9.0,-0.13,0.0,0.01,down
-1.19,-0.94,9.02,-0.1,0.01,0.02,down
-1.0,-0.91,8.86,-0.18,-0.01,-0.03,down
-1.15,-1.23,8.86,-0.2,-0.03,-0.03,down
-1.03,-1.35,8.79,-0.17,0.14,-0.03,down
-1.09,-1.31,8.93,-0.1,0.02,-0.02,down
-1.02,-1.27,8.67,-0.17,-0.02,0.02,down
-1.13,-1.58,8.88,-0.14,-0.02,-0.02,down
-1.06,-1.58,8.87,-0.1,-0.04,-0.05,down
-0.89,-1.5,8.98,-0.13,-0.06,-0.06,down
-0.94,-1.66,8.6,-0.15,-0.02,-0.0,down
-0.92,-1.74,8.7,-0.1,0.05,-0.05,down
-0.88,-1.67,8.76,-0.21,-0.09,0.05,down
-1.09,-2.16,8.87,-0.24,-0.05,-0.05,down
-0.88,-2.13,8.53,-0.18,-0.02,0.01,down
-0.89,-2.26,8.85,-0.13,-0.0,-0.0,down
-0.85,-2.38,8.76,-0.22,-0.01,-0.01,down
-0.62,-2.33,8.59,-0.12,-0.03,-0.02,down
-0.76,-2.47,8.73,-0.19,-0.04,0.01,down
-1.02,-2.65,8.5,-0.17,0.02,0.02,down
-0.68,-2.53,8.83,-0.15,-0.04,-0.02,down
-0.69,-2.66,8.56,-0.08,0.04,-0.04,down
-0.6,-2.71,8.75,-0.11,0.03,-0.04,down
-0.74,-2.89,8.73,-0.15,-0.02,-0.06,down
-0.46,-2.83,8.53,-0.19,-0.1,-0.08,down
-0.43,-3.02,8.6,-0.09,0.04,-0.02,down
-0.65,-3.17,8.71,-0.13,0.02,-0.04,down
-0.61,-3.18,8.48,-0.17,-0.03,0.02,down
-0.44,-3.01,8.56,-0.1,-0.02,0.01,down
-0.6,-3.29,8.51,-0.16,-0.02,-0.01,down
-0.52,-3.3,8.59,-0.15,0.05,-0.05,down
-0.47,-3.23,8.38,-0.11,0.02,0.01,down
-0.48,-3.51,8.49,-0.14,0.01,-0.04,down
-0.5,-3.54,8.54,-0.13,0.0,-0.01,down
-0.56,-3.3,8.25,-0.11,-0.03,0.03,down
-0.5,-3.51,8.15,-0.15,0.12,-0.0,down
-0.72,-3.66,8.32,-0.15,0.04,-0.05,down
-0.7,-3.71,8.24,-0.15,0.06,-0.02,down
-0.74,-3.83,8.13,-0.19,0.08,-0.04,down
-0.77,-3.8,8.07,-0.14,0.02,-0.03,down
-0.62,-3.92,8.23,-0.25,0.04,-0.04,down
-0.82,-4.23,7.99,-0.11,-0.02,-0.02,down
-0.49,-4.13,8.26,-0.14,-0.0,0.0,down
-0.65,-4.12,8.1,-0.11,-0.03,-0.01,down
-0.45,-4.07,8.1,-0.11,0.0,-0.02,down
-0.6,-4.18,8.03,-0.1,0.01,-0.01,down
-0.65,-4.36,8.01,-0.14,0.02,-0.03,down
-0.65,-4.45,8.06,-0.13,0.0,0.0,down
-0.64,-4.41,7.98,-0.12,0.08,-0.02,down
-0.8,-4.56,7.81,-0.18,0.11,0.04,down
-0.69,-4.67,7.96,-0.14,0.05,-0.08,down
-0.74,-4.7,7.75,-0.18,0.05,-0.04,down
-0.51,-4.61,7.8,-0.15,-0.01,-0.03,down
-0.79,-5.01,7.78,-0.13,0.0,-0.04,down
-0.6,-4.76,7.74,-0.1,-0.0,-0.01,down
-0.7,-4.97,7.6,-0.13,0.03,-0.06,down
-0.6,-4.91,7.79,-0.13,0.03,-0.05,down
-0.62,-5.08,7.63,-0.16,0.0,-0.09,down
-0.59,-5.17,7.58,-0.15,0.04,-0.05,down
-0.49,-5.14,7.59,-0.12,-0.02,0.02,down
-0.68,-5.27,7.51,-0.15,0.0,0.04,down
-0.77,-5.29,7.42,-0.1,0.0,-0.03,down
-0.56,-5.21,7.54,-0.12,-0.0,-0.02,down
-0.62,-5.4,7.49,-0.12,0.02,-0.03,down
-0.66,-5.39,7.34,-0.15,0.01,0.01,down
-0.65,-5.42,7.59,-0.17,-0.14,-0.05,down
-0.68,-5.83,7.14,-0.2,-0.08,-0.0,down
-0.58,-5.66,7.22,-0.09,-0.03,-0.03,down
-0.58,-5.64,7.18,-0.17,0.0,-0.11,down
-0.53,-5.71,7.09,-0.22,0.1,0.05,down
-0.55,-5.94,7.05,-0.19,0.03,0.05,down
-0.75,-5.98,6.77,-0.22,0.04,0.03,down
-0.63,-6.3,6.71,-0.15,0.08,-0.07,down
-0.47,-6.12,6.99,-0.17,0.14,-0.09,down
-0.66,-6.22,6.78,-0.15,0.16,-0.03,down
-0.49,-6.21,6.89,-0.18,0.1,-0.01,down
-0.66,-6.36,6.7,-0.14,-0.01,-0.03,down
-0.23,-6.33,6.66,-0.22,-0.0,-0.04,down
-0.58,-6.57,6.48,-0.15,-0.0,-0.04,down
-0.49,-6.61,6.53,-0.15,0.01,-0.04,down
-0.5,-6.65,6.47,-0.13,0.02,-0.03,down
-0.5,-6.69,6.41,-0.12,-0.02,-0.06,down
-0.43,-6.73,6.38,-0.14,-0.03,-0.04,down
-0.43,-6.78,6.16,-0.16,0.01,-0.05,down
-0.27,-6.87,6.3,-0.18,-0.01,-0.01,down
-0.38,-7.01,6.13,-0.16,0.03,-0.0,down
-0.25,-7.0,6.25,-0.16,0.03,-0.02,down
-0.32,-7.07,6.11,-0.11,-0.03,-0.02,down
-0.26,-7.1,6.07,-0.11,-0.03,-0.04,down
-0.1,-6.98,6.02,-0.16,-0.04,-0.03,down
-0.19,-7.13,5.93,-0.08,-0.06,-0.01,down
-0.25,-7.09,6.01,-0.12,0.02,0.01,down
-0.32,-7.18,5.82,-0.1,0.03,-0.03,down
-0.12,-7.02,5.97,-0.17,0.03,-0.04,down
-0.11,-7.32,5.76,-0.27,-0.01,-0.03,down
-0.31,-7.45,5.59,-0.15,0.06,0.03,down
-0.16,-7.42,5.67,-0.16,-0.08,-0.05,down
-0.14,-7.53,5.47,-0.12,-0.0,-0.01,down
-0.13,-7.51,5.56,-0.13,0.04,0.03,down
-0.32,-7.67,5.46,-0.18,0.05,0.04,down
-0.39,-7.86,5.35,-0.17,0.0,-0.03,down
-0.12,-7.75,5.51,-0.09,-0.04,-0.04,down
-0.12,-7.63,5.2,-0.12,-0.04,-0.09,down
-0.04,-7.7,5.3,-0.07,0.03,-0.02,down
-0.16,-7.78,5.16,-0.0,0.03,-0.01,down
0.06,-7.47,5.5,0.07,0.02,-0.06,down
-0.21,-7.43,5.34,0.11,0.04,-0.03,down
-0.08,-7.43,5.87,0.05,0.01,-0.02,down
-0.17,-7.3,5.79,0.05,0.01,0.01,down
-0.16,-7.3,5.77,-0.01,0.01,-0.02,down
-0.21,-7.27,5.95,0.04,0.02,0.05,down
-0.18,-7.17,6.06,0.07,0.01,-0.04,down
-0.29,-7.17,6.22,0.05,0.02,-0.05,down
-0.11,-6.91,6.09,0.03,0.02,0.0,down
-0.32,-7.03,6.18,0.02,0.01,0.01,down
-0.23,-6.82,6.33,0.04,0.02,-0.03,down
-0.18,-6.75,6.45,0.04,-0.01,-0.08,down
-0.18,-6.7,6.26,0.05,-0.03,-0.04,down
0.14,-6.57,6.69,0.18,-0.05,-0.1,down
0.06,-6.38,6.72,-0.03,0.07,0.01,down
-0.03,-6.49,6.71,-0.0,0.1,-0.01,down
-0.08,-6.08,6.68,0.01,0.09,0.02,down
-0.24,-6.32,7.03,-0.04,0.03,0.03,down
-0.23,-6.35,6.87,0.03,0.01,-0.02,down
-0.02,-6.11,7.15,0.02,0.0,-0.06,down
-0.12,-6.15,6.97,-0.0,0.01,-0.04,down
0.01,-6.02,6.93,-0.02,0.06,-0.04,down
0.11,-5.94,7.02,0.05,-0.03,-0.02,down
-0.06,-5.6,7.25,-0.02,0.09,-0.01,down
0.11,-5.68,7.45,-0.06,0.07,0.02,down
-0.31,-5.81,7.01,-0.04,0.09,0.02,down
-0.06,-5.44,7.19,0.01,0.08,-0.02,down
-0.27,-5.7,7.31,-0.01,0.1,-0.06,down
-0.17,-5.51,7.45,0.0,0.04,0.01,down
-0.4,-5.61,7.09,-0.04,0.08,0.03,down
-0.26,-5.29,7.37,0.0,0.13,0.04,down
-0.35,-5.39,7.54,-0.05,0.07,0.03,down
-0.58,-5.34,7.43,0.03,0.02,-0.02,down
-0.39,-5.16,7.61,-0.0,0.02,-0.02,down
-0.39,-5.12,7.56,0.0,0.12,0.01,down
-0.51,-5.15,7.66,-0.01,0.12,0.01,down
-0.67,-5.19,7.49,-0.0,0.13,-0.05,down
-0.28,-4.94,7.57,-0.18,0.08,-0.02,down
-0.38,-4.93,7.68,-0.09,0.04,-0.01,down
-0.53,-5.05,7.49,0.02,0.09,-0.0,down
-0.29,-4.76,7.85,-0.01,0.06,0.0,down
-0.47,-4.84,7.89,-0.01,0.13,0.06,down
-0.47,-4.49,7.86,0.02,0.08,-0.01,down
-0.46,-4.44,7.86,-0.0,0.09,-0.03,down
-0.7,-4.5,8.0,0.06,0.07,0.03,down
-0.57,-4.3,8.04,-0.02,0.09,0.08,down
-0.59,-4.28,7.98,-0.03,0.07,-0.0,down
-0.76,-4.45,8.1,-0.07,0.11,-0.05,down
-0.72,-4.08,7.9,-0.02,0.13,0.01,down
-0.83,-4.08,7.83,-0.02,0.19,0.03,down
-0.85,-3.93,8.08,-0.02,0.15,0.04,down
-0.98,-3.93,8.29,-0.04,0.06,0.02,down
-0.98,-3.84,8.03,-0.02,-0.04,-0.02,down
-1.04,-3.73,8.35,0.05,0.02,-0.02,down
-1.05,-3.72,8.2,0.01,0.08,-0.02,down
-0.79,-3.49,8.1,-0.08,-0.05,-0.01,down
-0.87,-3.59,8.42,0.02,-0.04,-0.02,down
-0.85,-3.28,8.39,0.05,0.01,0.07,down
-0.93,-3.25,8.41,0.05,0.05,0.02,down
-1.12,-3.24,8.81,-0.0,-0.01,-0.03,down
-0.85,-2.98,8.35,0.02,-0.08,-0.0,down
-0.78,-3.24,8.62,0.09,-0.08,0.0,down
-0.96,-3.04,8.55,0.07,-0.05,-0.01,down
-1.04,-3.15,8.53,0.03,0.05,0.01,down
-1.02,-2.91,8.79,0.03,-0.03,-0.07,down
-0.84,-2.63,8.52,-0.0,-0.04,0.02,down
-1.1,-2.68,8.78,0.02,0.06,0.09,down
-0.98,-2.55,8.7,-0.03,0.02,0.06,down
-1.07,-2.42,8.57,0.02,0.07,0.05,down
-1.13,-2.43,8.58,0.02,0.11,0.01,down
-1.25,-2.39,8.47,-0.02,0.14,0.09,down
-1.31,-2.32,8.49,-0.07,0.14,0.04,down
-1.29,-1.98,8.72,0.02,0.05,0.05,down
-1.32,-2.02,8.84,0.03,0.04,-0.01,down
-1.24,-1.82,8.67,-0.01,0.02,-0.0,down
-1.3,-1.9,8.72,-0.0,0.09,0.0,down
-1.26,-1.64,8.65,-0.03,0.05,-0.01,down
-1.09,-1.43,8.66,0.03,-0.04,0.02,down
-1.2,-1.43,8.89,0.04,-0.01,0.04,down
-1.37,-1.43,8.92,0.08,-0.05,0.1,down
-1.18,-1.22,8.96,0.07,-0.03,0.1,down
-1.26,-1.27,8.71,0.04,0.06,0.02,down
-1.37,-0.96,9.16,0.2,0.08,0.01,down
-1.32,-0.72,9.06,0.03,-0.04,0.05,down
-1.44,-0.78,8.9,0.07,0.01,0.01,down
-1.42,-0.56,9.04,0.13,-0.16,-0.01,down
-1.09,-0.11,8.82,0.12,-0.12,0.03,down
-1.09,0.04,8.87,0.14,-0.1,0.06,down
-1.34,0.05,8.99,0.04,-0.03,0.05,down
-1.39,0.18,8.9,0.09,-0.08,-0.01,down
-1.32,0.43,8.89,0.13,-0.28,0.02,down
-1.13,0.55,8.89,0.02,-0.0,0.06,down
-1.19,0.53,9.05,-0.1,0.05,-0.06,down
-1.32,0.31,8.96,0.02,0.03,-0.01,down
-1.02,0.64,8.59,0.1,0.0,-0.01,down
-1.2,0.68,8.77,-0.02,0.12,0.01,down
-0.76,1.02,8.76,0.07,-0.34,0.02,down
-1.26,0.97,9.09,-0.04,0.06,-0.05,down
-1.1,0.96,9.02,-0.13,0.09,-0.05,down
-1.17,0.91,8.8,-0.19,0.29,-0.05,down
-1.14,0.95,8.87,-0.11,-0.14,-0.14,down
-0.93,0.65,9.08,-0.18,-0.11,0.0,down
-1.01,0.84,8.65,0.34,-0.11,0.1,down
-1.17,1.24,8.8,-0.2,-0.17,-0.08,down
-0.89,0.61,8.43,-0.21,0.48,-0.03,down
-1.06,0.56,9.03,-0.26,0.34,-0.15,down
-0.95,0.55,9.09,-0.17,-0.18,0.12,down
-0.99,1.21,8.89,0.23,0.0,0.02,down
-0.96,1.02,8.77,-0.04,0.04,0.02,down
-0.88,1.24,8.91,-0.2,0.04,0.09,down
-0.81,0.71,8.73,-0.02,0.2,-0.05,down
-0.84,0.89,8.93,-0.23,0.07,0.0,down
-0.6,0.92,9.2,-0.17,-0.09,0.02,down
-0.05,-0.6,9.2,-0.12,0.03,-0.16,left
-0.73,-0.68,8.87,-0.26,0.22,-0.05,left
-0.07,-0.7,8.5,-0.07,-0.03,-0.02,left
-0.39,-0.64,8.74,-0.22,0.24,0.09,left
-0.37,-1.36,9.49,-0.28,-0.02,0.01,left
-1.13,-0.54,9.21,0.04,-0.09,-0.05,left
-0.08,-0.43,9.56,-0.06,0.12,-0.03,left
-0.78,-0.81,8.98,-0.01,0.27,-0.06,left
-0.63,-0.4,9.07,0.2,0.07,-0.05,left
-0.18,-0.53,9.26,-0.22,-0.03,-0.01,left
-0.27,-0.57,9.11,-0.02,0.06,-0.18,left
-0.6,-0.39,9.0,-0.06,-0.0,-0.0,left
-0.51,-0.46,8.92,-0.11,-0.07,0.09,left
-0.56,-0.49,9.06,-0.08,-0.02,0.01,left
-0.29,-0.46,9.04,0.09,-0.02,-0.09,left
-0.41,-0.35,9.12,-0.27,0.16,0.05,left
-0.51,-0.41,8.88,0.05,0.03,-0.06,left
-0.53,-0.46,9.09,-0.11,0.07,-0.01,left
-0.53,-0.38,9.02,-0.12,0.07,0.01,left
-0.47,-0.45,9.04,-0.07,0.06,-0.01,left
-0.44,-0.49,8.84,-0.15,0.13,0.0,left
-0.73,-0.4,9.09,-0.0,-0.02,-0.06,left
-0.66,-0.56,9.04,-0.16,-0.03,-0.01,left
-0.39,-0.5,9.02,-0.09,-0.15,-0.05,left
-0.4,-0.55,9.04,-0.08,-0.13,-0.03,left
-0.23,-0.57,8.92,-0.08,-0.13,-0.01,left
0.04,-0.54,8.96,-0.13,-0.11,-0.03,left
-0.01,-0.63,9.07,-0.16,-0.06,0.02,left
0.11,-0.72,9.01,-0.14,-0.03,0.01,left
0.18,-0.81,9.1,-0.12,-0.05,0.0,left
0.3,-0.7,9.08,-0.08,-0.09,-0.02,left
0.34,-0.78,9.04,-0.07,-0.09,-0.02,left
0.44,-0.87,9.16,-0.18,-0.05,0.05,left
0.51,-0.67,8.93,0.01,-0.05,-0.04,left
0.6,-0.91,9.03,-0.08,-0.06,-0.02,left
0.78,-0.94,9.05,-0.16,-0.17,0.02,left
0.97,-0.97,8.98,-0.04,-0.13,-0.03,left
1.19,-0.98,9.16,-0.11,-0.14,-0.05,left
1.24,-0.96,9.05,-0.13,-0.13,-0.01,left
1.39,-1.0,8.98,-0.1,-0.13,-0.01,left
1.73,-1.02,8.78,-0.13,-0.24,-0.07,left
1.73,-1.09,9.0,-0.09,-0.17,-0.04,left
1.98,-1.06,8.93,-0.12,-0.2,-0.01,left
2.21,-0.93,8.78,-0.06,-0.11,0.01,left
2.27,-1.14,8.88,-0.12,-0.1,-0.02,left
2.38,-1.14,8.9,-0.08,-0.17,-0.06,left
2.77,-0.95,8.71,-0.14,-0.26,-0.05,left
2.81,-1.12,8.79,-0.0,-0.27,-0.08,left
3.1,-1.07,8.64,-0.16,-0.14,-0.01,left
3.12,-0.88,8.54,-0.04,-0.12,-0.04,left
3.52,-1.3,8.78,-0.12,-0.12,-0.08,left
3.54,-1.31,8.64,-0.18,-0.18,0.0,left
3.66,-1.25,8.54,-0.12,-0.15,-0.02,left
3.79,-1.15,8.47,-0.12,-0.15,-0.02,left
3.97,-1.23,8.38,-0.1,-0.17,-0.06,left
4.31,-0.99,8.08,0.01,-0.26,-0.1,left
4.36,-1.09,8.2,-0.13,-0.11,-0.03,left
4.62,-1.05,8.08,-0.08,-0.13,-0.06,left
4.54,-0.88,8.03,-0.12,-0.14,-0.02,left
4.89,-1.05,8.11,-0.11,-0.15,-0.02,left
4.84,-1.1,7.95,-0.13,-0.2,0.01,left
5.23,-1.1,7.76,-0.03,-0.27,-0.09,left
5.47,-1.18,7.68,-0.13,-0.2,-0.05,left
5.4,-1.21,7.67,-0.13,-0.11,-0.04,left
5.65,-0.91,7.52,-0.07,-0.03,0.01,left
5.75,-0.86,7.28,-0.01,-0.1,-0.07,left
5.97,-0.84,7.41,-0.03,-0.16,-0.06,left
6.07,-0.88,7.29,0.08,-0.21,-0.04,left
6.23,-0.92,7.28,-0.25,-0.12,-0.0,left
6.46,-0.85,6.96,-0.14,-0.32,-0.04,left
6.63,-1.04,6.85,-0.11,-0.2,-0.02,left
6.84,-1.01,6.56,-0.12,-0.17,-0.04,left
6.96,-1.1,6.71,-0.13,-0.16,-0.02,left
7.12,-1.04,6.41,-0.08,-0.2,-0.02,left
7.16,-1.09,6.35,-0.11,-0.15,-0.02,left
7.16,-0.96,6.11,-0.03,-0.06,-0.03,left
7.35,-1.08,6.23,-0.09,-0.19,-0.05,left
7.41,-1.05,6.03,-0.13,-0.11,-0.04,left
7.57,-1.01,5.97,-0.09,-0.16,-0.04,left
7.65,-0.97,5.79,-0.09,-0.14,0.0,left
7.86,-1.01,5.63,-0.05,-0.14,-0.04,left
7.92,-0.95,5.61,-0.09,-0.12,-0.03,left
7.99,-1.02,5.62,-0.12,-0.14,0.0,left
8.1,-0.94,5.29,-0.04,-0.09,-0.0,left
8.25,-0.89,5.06,0.06,-0.12,-0.02,left
8.25,-1.04,5.32,-0.15,-0.01,-0.02,left
8.21,-0.93,5.18,-0.11,-0.11,-0.03,left
8.28,-0.8,5.14,0.03,-0.01,-0.03,left
8.26,-0.95,5.08,-0.12,-0.06,0.01,left
8.42,-1.13,5.17,-0.1,-0.06,-0.0,left
8.35,-0.9,4.95,-0.06,0.04,-0.01,left
8.36,-0.79,5.04,-0.07,0.04,-0.02,left
8.21,-0.94,5.08,-0.08,0.07,0.02,left
8.23,-0.97,5.04,-0.08,0.24,0.04,left
8.25,-1.03,5.3,-0.15,0.13,0.03,left
7.95,-1.16,5.56,-0.04,0.33,0.06,left
7.62,-1.07,5.81,-0.14,0.27,0.05,left
7.61,-1.25,5.87,-0.03,0.3,0.05,left
7.37,-1.21,6.12,-0.07,0.29,0.03,left
7.26,-1.1,6.22,-0.07,0.33,0.05,left
6.86,-1.06,6.14,-0.03,0.48,0.0,left
6.49,-1.22,6.73,0.04,0.38,-0.05,left
6.38,-1.24,7.1,-0.06,0.29,-0.01,left
6.26,-1.32,7.02,-0.08,0.28,-0.03,left
5.78,-1.23,7.48,-0.11,0.24,-0.01,left
5.74,-1.38,7.75,-0.09,0.18,0.05,left
5.59,-1.31,7.6,-0.18,0.04,0.01,left
5.53,-1.34,7.54,-0.08,0.13,0.03,left
5.3,-1.37,7.81,-0.08,0.2,-0.0,left
5.23,-1.23,7.84,-0.11,0.14,0.01,left
5.15,-1.3,7.84,-0.04,0.25,0.02,left
5.01,-1.33,7.73,-0.01,0.21,0.01,left
4.71,-1.39,8.0,-0.11,0.26,0.04,left
4.9,-1.32,7.73,0.09,0.11,0.0,left
4.46,-1.19,8.06,-0.05,0.21,-0.04,left
4.33,-1.15,8.19,-0.1,0.3,-0.0,left
3.89,-1.24,8.32,-0.05,0.4,0.01,left
3.78,-1.35,8.39,-0.12,0.12,0.03,left
3.74,-1.31,8.39,-0.13,0.08,0.02,left
3.51,-1.34,8.53,-0.13,0.07,0.0,left
3.38,-1.3,8.52,-0.05,0.11,-0.0,left
3.39,-1.14,8.44,-0.09,0.16,-0.02,left
3.18,-1.34,8.66,-0.03,0.3,-0.02,left
2.84,-1.1,8.78,-0.02,0.21,-0.0,left
2.88,-1.22,8.65,-0.07,0.19,0.04,left
2.71,-1.19,8.64,-0.04,0.08,-0.03,left
2.42,-1.32,8.83,-0.07,0.24,-0.0,left
2.35,-1.18,8.88,-0.03,0.15,-0.02,left
2.41,-1.03,8.94,-0.03,0.32,-0.01,left
1.64,-1.07,9.08,0.07,0.13,-0.02,left
1.64,-1.02,8.89,-0.11,0.26,0.04,left
1.57,-0.93,8.79,-0.01,0.11,-0.02,left
1.49,-1.05,8.77,0.01,0.18,-0.04,left
1.32,-1.1,8.95,-0.13,0.19,0.0,left
1.18,-1.01,9.02,-0.05,0.05,-0.0,left
1.04,-1.06,9.0,-0.07,0.13,0.01,left
0.92,-0.92,8.96,-0.1,0.15,-0.0,left
0.8,-0.94,9.1,-0.06,0.07,-0.02,left
0.63,-1.0,8.98,-0.04,0.13,0.01,left
0.64,-0.88,9.03,-0.1,0.09,0.0,left
0.42,-0.95,9.12,-0.1,0.11,-0.02,left
0.26,-0.92,9.18,-0.1,0.12,-0.02,left
0.24,-1.02,8.95,-0.1,0.01,0.02,left
0.39,-0.87,9.28,-0.16,-0.04,0.03,left
0.39,-1.12,8.93,-0.15,-0.11,0.01,left
0.79,-0.99,8.89,-0.07,0.04,0.07,left
0.63,-1.2,8.73,-0.12,-0.07,-0.0,left
0.46,-1.47,9.26,-0.17,0.06,0.03,left
0.37,-0.91,8.84,0.04,0.15,-0.0,left
0.28,-1.07,8.99,-0.05,0.12,0.02,left
0.17,-1.03,9.02,-0.02,0.15,0.01,left
0.11,-1.04,8.58,0.1,0.24,-0.01,left
0.07,-0.99,8.7,-0.05,0.18,0.05,left
-0.17,-0.74,8.74,-0.03,0.16,0.04,left
-0.3,-0.82,8.93,-0.05,0.06,-0.01,left
-0.48,-0.97,8.89,-0.08,0.1,-0.02,left
-0.67,-0.57,8.79,0.16,0.28,-0.11,left
-0.75,-0.51,8.82,-0.18,-0.21,0.05,left
-0.71,-0.87,8.96,-0.18,-0.13,0.06,left
-0.58,-0.87,8.84,-0.03,0.02,0.01,left
-0.79,-0.76,8.89,-0.02,0.18,0.01,left
-0.77,-0.81,9.02,-0.08,-0.05,0.03,left
-0.8,-0.78,8.98,-0.03,0.07,-0.03,left
-0.75,-0.64,8.93,-0.02,0.0,0.04,left
-0.74,-0.63,8.75,-0.07,-0.0,0.01,left
-0.64,-0.71,8.97,-0.12,-0.16,0.03,left
-0.48,-0.88,9.02,-0.1,-0.13,-0.02,left
-0.4,-0.68,9.04,-0.05,-0.2,0.01,left
-0.19,-0.72,8.98,-0.07,-0.3,-0.05,left
0.22,-0.84,9.11,-0.1,-0.3,-0.04,left
0.49,-0.79,8.93,-0.01,-0.26,-0.07,left
0.67,-0.76,9.04,-0.03,-0.18,-0.07,left
1.1,-0.67,8.93,-0.04,-0.32,-0.07,left
1.32,-0.68,8.97,-0.05,-0.11,0.0,left
1.48,-0.71,8.96,-0.08,-0.16,-0.04,left
1.6,-0.73,8.93,-0.05,-0.19,-0.02,left
1.81,-0.83,8.92,-0.13,-0.32,-0.04,left
2.3,-0.69,8.78,-0.13,-0.17,-0.03,left
2.31,-0.84,8.98,-0.1,-0.14,-0.06,left
2.42,-0.87,8.91,-0.14,-0.23,-0.01,left
2.71,-0.75,8.67,-0.05,-0.07,-0.02,left
2.86,-0.95,8.76,-0.04,-0.12,-0.06,left
2.95,-0.85,8.75,-0.06,-0.17,-0.05,left
3.14,-0.7,8.63,-0.04,-0.17,-0.05,left
3.24,-0.69,8.55,-0.08,-0.13,-0.01,left
3.54,-0.69,8.46,-0.09,-0.15,-0.01,left
3.59,-0.89,8.57,-0.1,-0.09,0.01,left
3.75,-0.82,8.49,-0.15,-0.07,0.06,left
3.74,-0.94,8.53,-0.08,-0.13,0.01,left
3.88,-0.73,8.36,-0.06,-0.19,0.0,left
4.11,-0.92,8.33,-0.14,-0.12,-0.01,left
4.29,-0.94,8.46,-0.14,-0.16,-0.01,left
4.45,-0.79,8.05,-0.02,-0.09,-0.01,left
4.38,-0.76,8.2,-0.08,-0.17,0.02,left
4.79,-0.91,8.07,-0.07,-0.24,0.02,left
4.9,-0.88,7.89,-0.04,-0.13,-0.04,left
5.0,-0.85,7.88,-0.07,-0.17,0.0,left
5.19,-0.89,7.75,-0.02,-0.09,-0.02,left
5.25,-0.78,7.92,-0.01,-0.13,-0.01,left
5.22,-0.81,7.74,-0.05,-0.27,-0.04,left
5.53,-0.83,7.66,-0.13,-0.22,-0.01,left
5.87,-0.91,7.53,-0.05,-0.2,-0.07,left
5.87,-0.67,7.38,-0.09,-0.11,-0.01,left
6.0,-0.68,7.33,-0.04,-0.04,-0.04,left
6.15,-0.54,7.15,-0.02,-0.1,-0.07,left
6.24,-0.66,7.14,-0.12,-0.08,-0.06,left
6.15,-0.68,7.2,-0.06,-0.11,-0.11,left
6.32,-0.51,7.05,-0.08,-0.12,-0.04,left
6.5,-0.48,6.94,-0.07,-0.07,-0.04,left
6.61,-0.55,6.84,-0.02,-0.06,-0.03,left
6.61,-0.42,6.77,-0.04,-0.16,-0.04,left
6.74,-0.54,6.79,-0.06,-0.16,0.0,left
6.91,-0.46,6.65,-0.08,-0.11,-0.04,left
6.72,-0.6,6.73,-0.09,-0.07,-0.09,left
6.9,-0.47,6.63,-0.12,-0.17,-0.01,left
7.2,-0.59,6.21,-0.16,-0.28,-0.01,left
7.3,-0.56,6.34,-0.12,-0.03,0.02,left
7.33,-0.75,6.19,-0.08,-0.11,-0.04,left
7.49,-0.63,6.05,-0.06,-0.02,-0.04,left
7.52,-0.65,6.16,-0.04,-0.17,-0.04,left
7.51,-0.68,6.02,-0.05,-0.09,-0.03,left
7.61,-0.53,5.94,-0.03,-0.07,-0.01,left
7.79,-0.54,5.83,-0.08,-0.07,-0.07,left
7.73,-0.54,5.87,-0.09,-0.01,-0.06,left
7.75,-0.61,5.85,0.01,-0.14,-0.05,left
7.88,-0.56,5.67,-0.07,-0.19,-0.06,left
7.97,-0.56,5.61,-0.12,-0.04,-0.04,left
8.0,-0.57,5.62,-0.05,-0.07,-0.09,left
8.11,-0.43,5.44,-0.09,-0.1,-0.04,left
8.14,-0.41,5.37,-0.04,-0.05,-0.02,left
8.02,-0.48,5.45,-0.12,-0.14,0.02,left
8.2,-0.49,5.29,-0.01,-0.08,0.03,left
8.37,-0.38,5.2,-0.15,-0.14,-0.08,left
8.24,-0.44,5.13,-0.08,-0.03,0.01,left
8.38,-0.44,5.07,-0.07,-0.05,-0.02,left
8.37,-0.48,5.05,-0.13,-0.05,-0.02,left
8.54,-0.4,4.93,-0.05,-0.08,-0.03,left
8.49,-0.52,5.01,0.2,-0.16,-0.01,left
8.59,-0.37,4.53,-0.16,0.08,0.1,left
8.66,-0.51,4.82,-0.02,0.04,-0.02,left
8.8,-0.59,4.72,-0.2,-0.11,-0.01,left
8.67,-0.69,4.75,0.01,-0.12,-0.04,left
8.74,-0.41,4.43,-0.21,-0.15,-0.03,left
8.83,-0.57,4.27,-0.12,-0.11,-0.03,left
8.95,-0.54,4.07,-0.18,0.02,-0.01,left
8.98,-0.68,4.21,-0.09,-0.04,-0.01,left
9.05,-0.56,4.19,-0.04,-0.09,-0.02,left
9.04,-0.56,4.0,-0.04,-0.14,-0.01,left
9.13,-0.63,3.86,-0.09,-0.13,-0.0,left
9.2,-0.52,3.66,-0.11,-0.15,-0.01,left
9.27,-0.59,3.56,-0.14,-0.17,0.01,left
9.29,-0.73,3.47,-0.09,-0.05,0.01,left
9.32,-0.62,3.41,-0.1,-0.03,0.0,left
9.38,-0.72,3.39,-0.06,0.04,-0.0,left
9.34,-0.7,3.29,-0.05,0.23,-0.01,left
9.15,-0.64,3.65,-0.05,0.52,0.04,left
8.94,-0.81,4.48,-0.08,0.46,0.03,left
8.4,-0.65,4.64,-0.13,0.61,0.09,left
8.41,-1.04,5.32,0.03,0.3,-0.03,left
8.06,-0.75,5.36,-0.08,0.33,0.03,left
7.91,-0.91,5.56,-0.02,0.62,-0.01,left
7.46,-0.75,5.99,0.01,0.41,-0.05,left
7.13,-0.56,6.19,-0.08,0.69,0.06,left
6.78,-0.9,6.76,-0.06,0.23,-0.01,left
6.65,-0.83,6.67,-0.1,0.24,-0.01,left
6.49,-0.96,7.08,-0.03,0.33,-0.02,left
6.19,-0.84,7.23,-0.07,0.12,-0.01,left
6.2,-0.98,7.29,-0.09,0.3,0.07,left
5.92,-0.77,7.17,-0.01,0.22,0.0,left
5.67,-0.87,7.48,-0.05,0.33,0.03,left
5.49,-0.89,7.67,-0.11,0.27,-0.02,left
4.96,-1.1,7.91,-0.18,0.3,0.01,left
4.83,-0.77,7.98,-0.11,0.19,0.02,left
4.66,-0.95,8.3,-0.03,0.32,-0.01,left
4.42,-0.82,8.25,-0.04,0.19,-0.03,left
4.24,-0.93,8.2,-0.13,0.15,0.01,left
3.99,-0.96,8.31,-0.01,0.53,-0.02,left
3.64,-0.86,8.6,-0.05,0.21,-0.05,left
3.43,-0.83,8.5,-0.05,0.29,0.03,left
3.34,-0.82,8.62,-0.06,0.13,0.01,left
3.23,-0.76,8.66,-0.04,0.11,-0.03,left
3.1,-0.74,8.47,-0.04,0.15,0.01,left
3.03,-0.86,8.73,-0.05,0.17,0.0,left
2.84,-0.91,8.72,-0.09,0.21,-0.02,left
2.57,-0.86,8.87,-0.05,0.24,-0.01,left
2.3,-0.85,8.89,-0.11,0.23,0.04,left
2.1,-0.81,8.89,-0.12,0.18,0.03,left
2.04,-0.86,8.92,-0.09,0.09,-0.02,left
1.79,-0.91,8.94,-0.1,0.31,0.01,left
1.66,-0.88,8.93,-0.1,0.25,0.04,left
1.43,-0.96,8.91,-0.05,0.11,-0.02,left
1.48,-0.83,9.1,-0.14,-0.0,-0.01,left
1.23,-1.0,8.99,-0.07,0.31,-0.02,left
1.09,-0.84,9.01,-0.09,0.23,0.03,left
1.06,-0.97,9.13,-0.07,-0.08,-0.01,left
1.0,-0.84,8.8,-0.08,0.22,0.03,left
0.91,-0.85,8.98,-0.11,-0.03,0.03,left
0.71,-0.94,9.14,-0.08,0.12,-0.04,left
0.64,-0.93,8.95,-0.09,0.29,0.06,left
0.23,-0.96,9.16,-0.02,0.29,0.03,left
0.14,-0.9,9.02,-0.13,0.17,0.03,left
0.07,-0.93,9.02,-0.1,0.05,-0.0,left
-0.18,-0.91,9.02,-0.05,0.25,0.04,left
-0.29,-1.0,9.12,-0.12,-0.0,0.01,left
-0.28,-0.95,8.9,-0.14,0.1,0.0,left
-0.41,-1.02,9.1,-0.12,0.09,-0.01,left
-0.42,-0.95,8.88,-0.1,0.02,0.01,left
-0.37,-0.96,8.89,-0.08,0.04,0.0,left
-0.48,-0.96,8.9,-0.1,0.1,0.02,left
-0.63,-1.06,8.96,-0.13,0.19,0.06,left
-0.72,-1.13,9.08,-0.09,-0.03,0.0,left
-0.86,-1.11,9.0,-0.03,0.01,-0.01,left
-0.85,-1.19,8.83,-0.11,0.06,-0.01,left
-0.95,-1.07,8.92,-0.08,0.16,-0.01,left
-1.06,-1.07,8.94,-0.05,0.07,0.01,left
-1.1,-1.05,8.96,-0.06,0.05,-0.01,left
-1.07,-1.01,8.9,-0.04,-0.17,-0.04,left
-0.79,-1.01,8.96,-0.05,-0.41,-0.08,left
-0.25,-1.06,9.09,-0.09,-0.46,-0.1,left
0.17,-1.01,9.0,0.01,-0.43,-0.1,left
0.72,-0.98,9.05,-0.07,-0.49,0.0,left
1.24,-0.97,9.02,-0.09,-0.24,-0.01,left
1.56,-0.95,8.84,-0.05,-0.35,-0.03,left
1.86,-1.07,8.93,-0.09,-0.22,-0.02,left
2.16,-0.93,8.86,-0.01,-0.3,-0.05,left
2.44,-0.94,8.8,-0.13,-0.45,0.02,left
2.84,-1.02,8.69,-0.07,-0.38,0.03,left
3.19,-0.91,8.47,-0.04,-0.25,0.0,left
3.45,-0.99,8.52,-0.07,-0.07,-0.04,left
3.42,-0.95,8.61,-0.08,-0.08,-0.05,left
3.57,-0.9,8.47,-0.1,-0.21,-0.03,left
3.93,-0.98,8.08,-0.11,-0.17,-0.03,left
3.96,-1.05,8.33,-0.06,-0.04,-0.01,left
4.04,-1.08,8.32,-0.08,0.05,-0.02,left
4.01,-0.92,8.32,-0.06,-0.08,-0.02,left
4.09,-0.95,8.25,-0.08,-0.15,-0.03,left
4.22,-1.05,8.32,-0.1,-0.02,-0.0,left
4.3,-0.99,8.2,-0.02,-0.03,-0.01,left
4.5,-1.01,8.16,-0.11,-0.1,0.01,left
4.59,-1.04,8.06,-0.06,-0.06,-0.02,left
4.61,-1.03,8.03,-0.05,0.03,0.01,left
4.59,-1.04,8.18,-0.07,0.02,0.02,left
4.87,-1.07,8.05,-0.07,-0.24,-0.0,left
4.93,-1.13,7.94,-0.16,-0.22,0.01,left
5.1,-1.17,7.82,-0.06,-0.07,-0.01,left
5.14,-1.12,7.79,-0.13,-0.14,0.01,left
5.36,-1.21,7.76,-0.09,-0.12,-0.0,left
5.32,-1.2,7.74,-0.07,-0.05,-0.01,left
5.32,-1.05,7.7,-0.01,-0.04,-0.01,left
5.43,-0.97,7.49,-0.05,-0.11,-0.04,left
5.56,-1.13,7.63,-0.09,-0.12,-0.06,left
5.61,-1.13,7.63,-0.06,-0.11,-0.04,left
5.71,-1.14,7.46,-0.09,-0.14,-0.0,left
5.91,-1.18,7.35,-0.09,-0.07,0.0,left
5.83,-1.08,7.35,-0.07,-0.06,-0.01,left
5.9,-1.2,7.4,-0.11,-0.06,0.01,left
6.0,-1.24,7.27,-0.01,-0.02,-0.01,left
6.16,-1.13,7.24,-0.16,-0.06,0.02,left
6.13,-1.12,7.22,-0.04,-0.02,-0.02,left
6.2,-1.15,7.11,-0.06,-0.05,-0.01,left
6.33,-1.15,6.99,-0.05,-0.01,-0.02,left
6.32,-1.12,7.18,-0.09,0.03,0.0,left
6.44,-1.2,7.13,-0.02,-0.05,-0.02,left
6.39,-1.13,6.97,-0.06,-0.07,-0.03,left
6.39,-1.15,6.8,-0.11,0.35,-0.02,left
5.95,-1.03,7.23,0.04,0.6,-0.06,left
5.65,-1.13,7.68,-0.02,0.32,-0.05,left
5.35,-1.08,7.68,-0.09,0.29,-0.02,left
4.95,-0.85,7.82,0.01,0.53,-0.02,left
4.66,-0.96,8.3,-0.05,0.33,-0.03,left
4.43,-0.85,8.3,-0.07,0.21,-0.04,left
4.16,-0.8,8.1,-0.17,0.27,0.05,left
3.88,-1.0,8.53,-0.0,0.44,-0.03,left
3.52,-0.78,8.53,0.08,0.38,-0.03,left
3.27,-0.65,8.66,-0.01,0.18,-0.01,left
3.0,-0.56,8.51,0.01,0.3,-0.01,left
2.53,-0.63,8.93,0.01,0.6,-0.03,left
2.05,-0.33,8.89,0.01,0.38,-0.02,left
1.68,-0.45,9.14,-0.07,0.33,0.04,left
1.69,-0.33,8.94,-0.07,0.08,0.02,left
1.64,-0.37,8.89,-0.01,0.16,-0.04,left
1.42,-0.33,9.01,-0.09,0.12,-0.03,left
1.25,-0.25,8.94,-0.05,0.22,-0.04,left
1.08,-0.29,9.24,-0.12,0.16,-0.03,left
0.91,-0.22,9.11,-0.05,0.09,-0.03,left
0.83,-0.23,9.07,-0.05,0.09,-0.01,left
0.86,-0.27,9.08,-0.09,0.08,-0.01,left
0.74,-0.23,9.16,-0.08,0.11,-0.03,left
0.63,-0.18,9.0,-0.1,0.03,-0.0,left
0.63,-0.2,9.1,-0.05,0.11,-0.01,left
0.46,-0.11,9.01,-0.07,0.22,-0.01,left
0.31,-0.16,9.12,-0.06,0.14,-0.02,left
0.19,-0.11,9.08,-0.11,0.17,0.02,left
0.11,-0.05,8.94,-0.04,0.05,-0.01,left
-0.13,-0.11,9.14,-0.07,0.23,0.01,left
0.11,0.2,8.93,-0.08,-0.07,0.29,left
-0.32,0.23,8.98,-0.03,-0.11,0.12,left
-0.02,-0.35,8.8,-0.46,-0.53,-0.13,left
0.4,-0.08,8.62,0.03,-0.16,0.02,left
-0.34,-0.45,8.4,-0.33,0.97,-0.14,left
-0.7,0.29,8.32,0.48,0.25,-0.18,left
-0.72,0.13,7.98,0.03,0.15,-0.09,left
-0.81,-0.13,9.14,-0.28,0.2,0.08,left
-0.78,-0.21,8.81,-0.07,0.19,0.04,left
-0.42,0.19,9.0,-0.53,-0.08,0.02,left
-0.11,-0.12,9.15,-0.34,-0.22,0.03,left
-0.25,-0.21,9.59,0.08,-0.01,-0.01,left
0.33,-0.22,9.36,-0.25,-0.24,-0.21,left
-0.22,-0.23,8.64,0.18,0.08,0.04,left
0.02,0.09,8.8,0.01,-0.03,0.04,left
0.31,-0.17,8.85,-0.26,-0.18,0.15,left
0.32,0.01,9.15,-0.03,-0.07,0.14,left
0.41,-0.27,8.74,-0.05,0.06,0.06,left
0.16,-0.23,9.14,-0.12,0.06,-0.11,left
0.43,-0.22,8.96,-0.12,-0.01,0.1,left
0.52,0.09,8.9,-0.0,0.06,0.06,left
-0.27,0.4,8.91,-0.11,0.02,-0.04,right
-0.33,0.38,8.85,-0.08,-0.06,-0.02,right
0.03,0.08,9.02,-0.16,-0.08,0.1,right
0.2,0.42,8.99,-0.06,0.0,-0.12,right
0.37,0.41,8.88,-0.18,-0.04,-0.11,right
0.45,0.15,8.82,-0.07,0.05,-0.17,right
0.05,-0.01,9.28,-0.21,0.02,-0.06,right
0.02,0.19,9.51,-0.15,0.03,-0.08,right
0.17,-0.19,8.83,-0.1,0.12,-0.07,right
0.51,-0.08,9.33,-0.2,-0.03,0.03,right
0.27,-0.09,9.06,0.02,0.13,-0.14,right
0.09,0.01,8.86,-0.15,-0.04,0.05,right
-0.04,-0.16,9.31,-0.17,0.08,0.09,right
0.42,-0.19,8.99,-0.15,-0.01,0.08,right
-0.13,-0.41,9.27,0.15,0.16,-0.09,right
-0.1,-0.24,9.12,-0.17,0.07,0.04,right
0.04,0.08,8.95,0.03,0.1,-0.02,right
0.0,-0.12,9.1,0.0,-0.01,-0.04,right
-0.04,0.12,8.89,-0.06,0.02,-0.02,right
-0.17,-0.05,8.98,-0.19,0.09,0.0,right
-0.15,0.03,9.03,0.02,-0.0,-0.05,right
-0.21,0.06,9.09,-0.08,0.11,-0.02,right
-0.51,0.1,9.05,-0.02,0.26,-0.06,right
-0.54,0.36,8.94,-0.0,0.11,-0.02,right
-0.74,0.23,8.99,-0.01,0.08,0.0,right
-0.8,0.24,8.95,-0.13,0.14,0.04,right
-0.93,0.2,8.86,-0.09,0.15,0.04,right
-1.04,0.18,8.95,-0.06,0.14,-0.03,right
-1.24,0.21,8.84,-0.08,0.14,-0.02,right
-1.43,0.17,8.93,-0.08,0.12,-0.03,right
-1.57,0.16,8.94,-0.1,0.26,0.03,right
-1.72,0.11,8.8,-0.07,0.19,0.03,right
-1.75,0.25,8.7,-0.04,0.14,-0.02,right
-1.89,0.14,8.75,-0.07,0.14,-0.01,right
-2.06,0.06,8.9,-0.06,0.1,-0.02,right
-2.0,0.35,8.56,0.03,0.18,0.02,right
-2.16,0.17,8.63,-0.05,0.06,-0.03,right
-2.32,0.27,8.59,-0.11,0.11,0.01,right
-2.38,0.12,8.8,-0.07,0.22,-0.04,right
-2.53,0.25,8.51,0.07,0.18,0.01,right
-2.57,0.31,8.52,-0.23,-0.01,-0.01,right
-2.78,0.13,8.43,-0.06,0.1,-0.04,right
-2.89,0.28,8.66,-0.1,0.15,-0.01,right
-2.55,0.11,7.81,-0.28,0.06,-0.21,right
-3.04,0.03,8.56,0.08,0.08,-0.08,right
-3.11,-0.12,8.48,-0.21,0.08,-0.02,right
-3.21,-0.19,8.48,-0.14,0.0,-0.1,right
-3.32,-0.3,8.51,-0.11,0.26,0.04,right
-3.4,-0.13,8.19,-0.09,0.39,0.01,right
-3.62,-0.06,8.09,-0.05,0.06,0.04,right
-3.66,-0.05,7.92,-0.04,0.28,0.03,right
-3.9,-0.13,8.04,-0.05,0.07,-0.0,right
-4.12,-0.13,8.22,-0.04,0.03,0.02,right
-4.05,0.01,7.92,-0.04,0.18,0.03,right
-4.13,0.02,7.86,-0.09,0.13,-0.01,right
-4.12,-0.07,7.91,-0.12,0.12,-0.01,right
-4.02,-0.22,7.7,-0.11,0.24,-0.05,right
-4.3,0.02,7.6,-0.05,0.17,0.03,right
-4.45,-0.23,7.64,-0.07,0.11,0.02,right
-4.49,-0.03,7.61,-0.08,0.18,0.03,right
-4.6,-0.18,7.51,-0.13,0.11,0.03,right
-4.67,-0.14,7.48,-0.0,-0.04,-0.01,right
-4.77,-0.23,7.54,-0.07,0.06,-0.02,right
-4.85,-0.09,7.48,-0.07,0.09,0.01,right
-4.85,-0.15,7.36,-0.14,0.22,0.0,right
-5.14,-0.2,7.36,0.0,0.33,0.0,right
-5.28,-0.09,7.08,-0.12,0.16,0.0,right
-5.42,-0.02,7.18,-0.12,0.07,0.09,right
-5.53,-0.23,7.08,-0.13,0.2,-0.01,right
-5.52,-0.09,6.97,-0.04,0.14,0.01,right
-5.66,-0.09,6.9,-0.01,0.21,-0.01,right
-5.8,-0.1,6.84,-0.07,0.11,0.01,right
-5.97,-0.23,6.78,-0.13,0.09,-0.02,right
-5.81,0.0,6.51,-0.02,0.26,0.03,right
-6.12,-0.21,6.55,-0.11,0.09,-0.06,right
-6.28,-0.29,6.53,-0.23,0.15,-0.05,right
-6.18,-0.15,6.43,-0.16,0.03,-0.04,right
-6.34,-0.48,6.37,-0.15,0.32,-0.01,right
-6.53,-0.4,6.25,-0.1,0.27,0.02,right
-6.59,-0.29,6.06,-0.15,0.16,-0.06,right
-6.67,-0.34,5.98,-0.04,0.24,-0.0,right
-6.93,-0.42,5.81,-0.04,0.21,0.01,right
-6.9,-0.34,5.54,-0.09,0.2,-0.02,right
-7.09,-0.3,5.57,-0.11,0.14,-0.03,right
-7.25,-0.36,5.51,-0.06,0.18,-0.01,right
-7.24,-0.32,5.41,-0.11,0.24,-0.01,right
-7.25,-0.24,5.22,-0.07,0.04,0.01,right
-7.29,-0.4,5.27,-0.15,0.02,0.01,right
-7.26,-0.44,5.1,-0.13,0.13,0.03,right
-7.58,-0.41,5.01,0.04,0.3,0.0,right
-7.5,-0.23,4.79,-0.0,0.18,-0.01,right
-7.53,-0.33,4.85,-0.15,0.02,-0.02,right
-7.63,-0.43,4.86,-0.21,0.02,-0.03,right
-7.57,-0.46,4.75,-0.22,0.03,0.0,right
-7.65,-0.49,4.67,-0.13,0.14,-0.03,right
-7.74,-0.53,4.49,-0.12,0.11,0.0,right
-7.88,-0.59,4.61,-0.21,0.18,-0.08,right
-7.96,-0.58,4.38,-0.08,0.21,0.01,right
-8.04,-0.71,4.2,-0.11,0.19,0.04,right
-8.1,-0.63,4.11,-0.1,0.06,-0.07,right
-8.01,-0.68,4.08,-0.07,0.08,-0.06,right
-8.02,-0.76,3.96,-0.12,0.03,-0.02,right
-8.13,-0.75,3.98,-0.19,0.21,-0.09,right
-8.01,-0.77,3.85,-0.09,0.03,-0.03,right
-8.21,-0.91,3.87,0.01,0.11,-0.05,right
-8.18,-0.78,3.69,-0.14,0.03,0.03,right
-8.36,-0.91,3.68,-0.12,0.17,-0.04,right
-8.34,-0.86,3.72,-0.0,-0.03,-0.01,right
-8.21,-0.87,3.6,0.01,-0.22,0.02,right
-8.04,-0.85,3.89,-0.02,-0.38,0.02,right
-7.91,-0.73,4.27,-0.07,-0.33,0.01,right
-7.65,-0.72,4.59,-0.05,-0.4,0.03,right
-7.56,-0.77,4.95,-0.07,-0.15,-0.02,right
-7.47,-0.68,5.08,-0.03,-0.12,0.0,right
-7.34,-0.65,5.2,0.0,-0.21,-0.0,right
-7.13,-0.56,5.42,0.01,-0.24,0.01,right
-7.0,-0.64,5.62,-0.09,-0.25,-0.04,right
-6.77,-0.51,5.84,-0.06,-0.44,-0.01,right
-6.62,-0.69,6.08,-0.12,-0.21,-0.04,right
-6.31,-0.48,6.24,-0.02,-0.27,0.0,right
-6.17,-0.53,6.24,-0.04,-0.04,-0.01,right
-6.15,-0.52,6.47,-0.08,-0.08,-0.03,right
-6.05,-0.52,6.6,-0.05,-0.2,-0.03,right
-5.89,-0.42,6.64,-0.02,-0.12,-0.04,right
-5.85,-0.51,6.77,-0.11,-0.26,0.01,right
-5.57,-0.49,6.93,-0.07,-0.22,-0.06,right
-5.32,-0.51,7.14,-0.07,-0.31,-0.03,right
-5.21,-0.73,7.16,-0.04,-0.21,-0.0,right
-5.12,-0.61,7.33,-0.01,-0.01,-0.03,right
-4.87,-0.43,7.36,0.05,-0.25,-0.06,right
-4.66,-0.38,7.53,-0.06,-0.23,-0.05,right
-4.35,-0.39,7.81,-0.01,-0.24,-0.03,right
-3.96,-0.35,8.07,-0.07,-0.47,-0.09,right
-3.67,-0.32,7.89,-0.07,-0.31,-0.09,right
-3.34,-0.37,8.39,-0.11,-0.31,-0.02,right
-2.85,-0.41,8.26,-0.08,-0.44,-0.04,right
-2.82,-0.34,8.4,-0.05,-0.14,-0.05,right
-2.53,-0.42,8.62,-0.1,-0.35,-0.07,right
-2.3,-0.47,8.69,-0.07,-0.15,-0.02,right
-1.97,-0.52,8.89,-0.11,-0.38,-0.0,right
-1.5,-0.48,8.74,-0.14,-0.46,-0.05,right
-1.07,-0.62,8.78,-0.11,-0.31,-0.07,right
-0.85,-0.62,8.94,-0.02,-0.19,-0.05,right
-0.69,-0.53,8.89,-0.07,-0.22,-0.04,right
-0.47,-0.67,8.99,-0.11,-0.28,0.01,right
-0.36,-0.64,9.06,-0.12,-0.04,0.02,right
-0.25,-0.55,8.97,-0.01,-0.09,-0.04,right
-0.1,-0.72,9.07,-0.09,-0.16,-0.03,right
0.1,-0.64,9.01,-0.09,-0.16,-0.03,right
0.19,-0.68,9.08,-0.14,-0.12,0.01,right
0.25,-0.65,9.0,-0.06,0.01,0.01,right
0.34,-0.72,8.93,-0.05,-0.07,0.0,right
0.52,-0.75,9.04,-0.09,0.05,-0.06,right
0.42,-0.74,8.98,-0.03,0.03,-0.07,right
0.32,-0.77,9.06,-0.1,0.02,-0.02,right
0.31,-0.74,8.99,-0.09,0.04,-0.02,right
0.28,-0.71,9.05,-0.11,0.03,0.0,right
0.36,-0.65,9.0,-0.03,0.03,-0.02,right
0.05,-0.66,9.06,-0.07,0.22,-0.05,right
-0.01,-0.56,9.1,-0.08,0.11,-0.03,right
-0.12,-0.58,9.0,-0.03,0.13,-0.03,right
-0.33,-0.54,9.04,-0.06,0.15,-0.01,right
-0.38,-0.46,8.91,-0.04,0.13,0.0,right
-0.52,-0.51,9.03,-0.04,0.08,-0.03,right
-0.77,-0.54,8.97,-0.03,0.3,-0.01,right
-0.96,-0.43,8.94,-0.01,0.23,-0.01,right
-1.15,-0.39,8.98,-0.06,0.02,-0.01,right
-1.31,-0.29,8.8,-0.03,0.31,0.03,right
-1.52,-0.21,8.76,-0.03,0.28,0.0,right
-1.69,-0.14,8.8,-0.01,0.08,-0.02,right
-1.66,-0.1,8.64,-0.09,0.06,0.01,right
-1.82,-0.2,8.79,-0.03,0.11,-0.02,right
-2.13,-0.23,8.79,-0.04,0.26,-0.01,right
-2.16,-0.07,8.61,-0.09,0.12,-0.01,right
-2.36,-0.03,8.66,-0.01,0.11,-0.03,right
-2.43,-0.04,8.55,-0.04,-0.04,-0.01,right
-2.46,-0.15,8.64,-0.09,0.09,0.01,right
-2.58,-0.04,8.48,-0.04,0.25,0.03,right
-2.85,0.12,8.37,0.01,0.19,0.0,right
-2.83,-0.08,8.46,-0.12,-0.03,-0.01,right
-2.94,0.03,8.49,-0.05,0.15,-0.03,right
-3.08,0.05,8.37,-0.04,0.19,0.02,right
-3.26,0.14,8.37,-0.02,0.24,-0.0,right
-3.3,0.11,8.15,-0.05,0.12,-0.01,right
-3.47,0.03,8.25,-0.09,0.13,-0.02,right
-3.59,0.01,8.2,-0.09,0.12,-0.01,right
-3.68,0.04,8.17,-0.07,0.14,-0.04,right
-3.92,0.04,8.1,-0.08,0.22,-0.02,right
-3.93,0.17,7.92,-0.09,0.06,-0.01,right
-4.04,0.15,7.89,-0.05,0.11,-0.01,right
-4.1,0.15,7.79,-0.05,0.14,-0.01,right
-4.35,0.12,7.81,-0.05,0.2,-0.02,right
-4.28,0.18,7.56,-0.05,0.08,-0.03,right
-4.58,0.22,7.81,-0.04,0.17,-0.03,right
-4.54,0.22,7.49,-0.05,-0.0,-0.01,right
-4.74,0.2,7.71,-0.07,0.16,-0.04,right
-4.67,0.25,7.46,-0.1,0.02,-0.01,right
-4.76,0.3,7.41,-0.03,0.18,-0.02,right
-5.02,0.16,7.41,-0.03,0.11,-0.03,right
-5.11,0.18,7.38,-0.11,0.06,-0.04,right
-5.16,0.22,7.21,-0.14,0.14,-0.02,right
-5.27,0.25,7.28,-0.08,0.03,-0.02,right
-5.34,0.17,7.19,-0.11,0.12,-0.02,right
-5.44,0.16,7.09,-0.13,0.19,-0.01,right
-5.53,0.17,6.95,-0.07,0.12,-0.03,right
-5.58,0.12,6.92,-0.07,0.1,-0.03,right
-5.68,0.07,6.87,-0.07,0.03,-0.0,right
-5.72,0.15,6.8,-0.09,0.13,-0.0,right
-5.76,0.11,6.69,-0.08,0.1,0.01,right
-5.83,0.13,6.71,-0.12,0.17,-0.0,right
-5.94,0.11,6.65,-0.08,0.11,0.01,right
-6.0,0.15,6.43,-0.08,0.15,0.01,right
-6.12,0.14,6.39,-0.13,0.19,-0.01,right
-6.32,-0.0,6.41,-0.14,0.19,-0.03,right
-6.42,0.01,6.2,-0.16,0.21,-0.01,right
-6.52,-0.09,6.2,-0.1,0.11,-0.02,right
-6.62,-0.2,6.2,-0.1,0.06,-0.05,right
-6.63,-0.01,5.89,-0.09,0.17,-0.03,right
-6.71,-0.03,5.9,-0.08,0.1,-0.01,right
-6.71,0.06,5.75,-0.09,0.14,0.01,right
-6.78,-0.05,5.72,-0.11,0.03,0.02,right
-6.99,-0.17,5.76,-0.14,0.14,-0.03,right
-7.05,-0.2,5.71,-0.13,0.1,-0.0,right
-7.06,-0.15,5.66,-0.13,0.15,-0.03,right
-7.01,-0.11,5.39,-0.1,0.16,0.01,right
-7.2,-0.12,5.36,-0.07,0.04,0.01,right
-7.22,-0.08,5.31,-0.1,0.14,-0.01,right
-7.26,-0.1,5.25,-0.08,0.21,-0.02,right
-7.36,-0.15,4.93,-0.15,0.06,0.01,right
-7.53,-0.21,5.21,-0.11,0.16,-0.04,right
-7.44,-0.23,4.95,-0.14,0.15,-0.05,right
-7.65,-0.19,4.89,-0.04,0.18,-0.04,right
-7.48,-0.24,4.61,-0.13,0.07,0.0,right
-7.62,-0.4,4.72,-0.06,0.05,-0.03,right
-7.67,-0.29,4.65,-0.08,0.03,0.0,right
-7.77,-0.34,4.71,-0.04,-0.06,-0.03,right
-7.7,-0.39,4.84,-0.04,-0.14,-0.03,right
-7.45,-0.23,4.9,0.02,-0.3,-0.01,right
-7.39,-0.36,5.2,-0.06,-0.12,0.0,right
-7.23,-0.25,5.27,-0.03,-0.23,0.02,right
-7.05,-0.08,5.48,-0.06,-0.27,0.03,right
-6.89,-0.2,5.7,-0.08,-0.03,-0.01,right
-6.88,-0.25,5.76,-0.05,-0.15,0.01,right
-6.81,-0.14,5.79,-0.05,-0.11,0.01,right
-6.76,-0.1,5.92,-0.06,-0.07,0.01,right
-6.67,-0.06,6.15,-0.09,-0.21,0.03,right
-6.48,-0.11,6.1,-0.05,-0.07,0.01,right
-6.39,-0.0,6.23,-0.08,-0.23,-0.02,right
-6.18,-0.06,6.42,-0.13,-0.29,-0.02,right
-6.0,-0.1,6.54,-0.05,-0.1,-0.01,right
-5.91,-0.03,6.67,-0.07,-0.14,-0.0,right
-5.79,-0.09,6.75,-0.12,-0.1,-0.01,right
-5.66,0.02,6.82,-0.06,-0.08,-0.01,right
-5.71,-0.22,6.65,-0.02,0.41,-0.04,right
-6.13,0.14,6.34,0.19,0.75,-0.02,right
-6.53,0.13,6.13,-0.08,0.19,-0.01,right
-6.74,0.05,5.91,-0.06,0.22,-0.03,right
-6.65,0.06,5.81,-0.09,0.18,-0.01,right
-6.84,0.01,5.73,-0.1,0.12,-0.0,right
-6.96,-0.02,5.64,-0.1,0.13,-0.02,right
-7.04,0.0,5.53,-0.13,0.13,-0.01,right
-7.06,-0.0,5.43,-0.05,0.11,-0.0,right
-7.18,-0.06,5.45,-0.12,0.07,-0.02,right
-7.22,0.03,5.36,-0.1,0.14,-0.02,right
-7.26,-0.01,5.21,-0.04,0.11,0.0,right
-7.39,0.05,5.12,-0.04,0.05,-0.01,right
-7.52,-0.11,5.08,-0.11,0.17,-0.0,right
-7.5,-0.06,4.92,-0.11,0.14,-0.02,right
-7.63,-0.04,4.71,-0.04,0.12,-0.0,right
-7.81,-0.17,4.68,-0.05,0.19,-0.06,right
-7.85,0.02,4.47,-0.06,0.2,-0.0,right
-7.89,-0.04,4.37,-0.03,0.18,0.01,right
-7.99,0.07,4.05,-0.1,0.19,-0.02,right
-8.09,-0.01,4.07,-0.11,0.11,-0.01,right
-8.19,-0.13,4.07,-0.13,0.13,-0.06,right
-8.18,-0.06,3.83,-0.1,0.11,-0.02,right
-8.17,0.03,3.76,-0.08,0.07,0.0,right
-8.19,0.05,3.79,-0.02,-0.26,0.01,right
-8.08,-0.06,4.17,-0.1,-0.37,0.02,right
-7.77,-0.05,4.47,-0.05,-0.36,-0.09,right
-7.66,-0.13,4.79,0.01,-0.25,0.0,right
-7.46,-0.04,4.99,-0.08,-0.06,-0.0,right
-7.34,-0.02,5.07,-0.05,-0.11,-0.01,right
-7.36,0.02,5.14,-0.1,-0.22,0.01,right
-7.21,0.02,5.42,-0.09,-0.19,0.0,right
-7.03,0.15,5.53,-0.02,-0.22,-0.0,right
-6.91,0.11,5.67,-0.04,-0.09,-0.02,right
-6.74,0.07,5.86,-0.09,-0.26,-0.01,right
-6.66,0.18,5.91,-0.07,-0.21,-0.0,right
-6.58,0.16,6.12,-0.07,-0.03,-0.02,right
-6.47,0.09,6.26,-0.11,-0.07,-0.0,right
-6.31,0.18,6.19,-0.05,-0.12,-0.0,right
-6.34,0.12,6.37,-0.06,-0.24,-0.03,right
-6.15,0.15,6.52,-0.17,-0.26,0.02,right
-5.91,0.05,6.67,-0.1,-0.09,-0.04,right
-5.8,0.14,6.74,-0.08,-0.03,-0.01,right
-5.84,0.11,6.73,-0.05,0.07,-0.04,right
-5.89,0.08,6.77,-0.11,-0.09,-0.04,right
-5.8,0.11,6.79,-0.12,-0.07,-0.0,right
-5.69,0.09,6.97,-0.16,-0.17,-0.02,right
-5.53,0.03,7.07,-0.16,-0.09,-0.01,right
-5.36,0.06,7.02,-0.1,-0.17,-0.06,right
-5.3,-0.06,7.18,-0.1,-0.13,-0.0,right
-5.17,0.01,7.23,-0.13,-0.03,0.01,right
-5.0,0.05,7.35,-0.08,-0.23,-0.01,right
-4.86,-0.16,7.53,-0.12,-0.27,0.03,right
-4.74,-0.06,7.52,-0.1,-0.09,0.01,right
-4.56,0.01,7.64,-0.09,-0.21,0.0,right
-4.42,-0.08,7.77,-0.11,-0.16,0.04,right
-4.25,-0.15,7.82,-0.08,-0.05,-0.01,right
-4.15,-0.04,7.86,-0.04,-0.2,-0.01,right
-4.03,-0.12,7.92,-0.07,-0.13,-0.01,right
-3.91,-0.16,8.05,-0.06,-0.11,-0.02,right
-3.77,-0.04,8.03,-0.09,-0.1,-0.01,right
-3.64,-0.08,8.13,-0.09,-0.11,0.01,right
-3.53,-0.19,8.28,-0.12,-0.01,-0.02,right
-3.38,-0.09,8.19,-0.07,-0.17,-0.05,right
-3.25,-0.15,8.29,-0.13,-0.23,-0.04,right
-3.05,-0.12,8.32,-0.09,-0.16,0.01,right
-2.86,-0.22,8.43,-0.1,-0.14,-0.01,right
-2.72,-0.13,8.49,-0.09,-0.14,-0.01,right
-2.51,-0.2,8.59,-0.12,-0.2,-0.02,right
-2.37,-0.2,8.58,-0.04,-0.13,-0.03,right
-2.22,-0.3,8.58,-0.12,-0.1,-0.01,right
-2.06,-0.25,8.77,-0.08,-0.01,-0.1,right
-2.06,-0.27,8.6,-0.05,-0.12,-0.02,right
-1.99,-0.37,8.81,-0.06,-0.22,-0.05,right
-1.76,-0.17,8.79,-0.02,-0.14,-0.0,right
-1.53,-0.27,8.83,-0.08,-0.12,0.03,right
-1.44,-0.25,8.83,-0.06,-0.1,-0.02,right
-1.33,-0.3,8.74,0.0,-0.07,0.1,right
-1.32,-0.15,9.0,-0.09,-0.21,-0.03,right
-1.07,-0.23,8.82,-0.09,-0.08,-0.05,right
-1.06,-0.27,8.99,-0.05,-0.06,0.04,right
-1.01,-0.15,8.87,-0.07,-0.07,-0.06,right
-1.01,-0.13,8.93,-0.02,0.05,-0.09,right
-0.94,-0.18,9.0,-0.12,-0.13,-0.06,right
-0.7,-0.17,8.87,-0.07,-0.08,-0.09,right
-0.64,-0.25,9.07,-0.11,-0.13,-0.13,right
-0.41,-0.24,8.95,-0.05,-0.15,-0.04,right
-0.37,-0.15,9.05,-0.08,-0.05,-0.01,right
-0.39,-0.16,9.0,-0.04,0.07,-0.05,right
-0.28,-0.1,8.94,-0.07,-0.03,-0.02,right
-0.24,-0.22,8.99,-0.09,-0.06,-0.01,right
-0.39,-0.23,9.05,-0.08,0.26,-0.0,right
-0.58,-0.3,8.96,-0.01,0.31,-0.05,right
-0.74,-0.1,8.77,-0.1,0.26,-0.04,right
-1.18,-0.04,8.96,-0.02,0.15,-0.04,right
-1.46,0.0,8.89,-0.01,0.35,0.02,right
-1.67,0.03,8.84,-0.06,0.39,-0.01,right
-1.88,0.05,8.64,-0.09,0.2,0.0,right
-2.19,0.03,8.62,-0.01,0.24,-0.01,right
-2.51,0.08,8.62,-0.01,0.31,-0.04,right
-2.69,0.18,8.53,-0.05,0.18,0.01,right
-2.75,0.16,8.5,-0.07,0.04,-0.01,right
-2.71,0.06,8.42,-0.08,0.02,0.01,right
-2.89,0.12,8.48,-0.04,0.23,-0.02,right
-3.08,0.17,8.34,-0.04,0.21,-0.01,right
-3.23,0.17,8.44,-0.13,-0.01,0.02,right
-3.16,0.1,8.22,-0.12,0.12,0.0,right
-3.4,0.08,8.32,-0.04,0.26,0.0,right
-3.56,0.14,8.16,0.0,0.17,0.0,right
-3.63,0.22,8.02,-0.14,0.06,0.02,right
-3.69,0.11,8.11,-0.04,0.14,0.0,right
-3.85,0.2,8.06,-0.04,0.21,0.01,right
-3.95,0.23,7.95,-0.03,0.11,0.02,right
-4.01,0.16,7.87,-0.1,0.02,0.03,right
-4.17,0.13,7.93,-0.08,0.33,-0.01,right
-4.29,0.23,7.75,-0.08,0.0,0.0,right
-4.33,0.24,7.88,-0.06,-0.02,-0.01,right
-4.26,0.29,7.51,-0.08,0.15,0.03,right
-4.54,0.16,7.75,-0.11,0.2,-0.01,right
-4.64,0.22,7.61,-0.07,0.14,-0.02,right
-4.78,0.1,7.63,-0.07,0.12,-0.03,right
-4.99,0.25,7.38,-0.02,0.37,-0.02,right
-5.14,0.23,7.25,-0.1,0.23,-0.04,right
-5.23,0.17,7.04,-0.16,0.19,-0.02,right
-5.39,-0.07,7.14,-0.1,0.16,-0.03,right
-5.59,-0.1,7.13,-0.11,0.14,-0.02,right
-5.65,0.08,6.89,-0.03,0.24,-0.01,right
-5.71,0.11,6.7,-0.04,0.12,0.01,right
-5.81,0.04,6.64,-0.08,0.18,-0.01,right
-6.07,-0.06,6.63,-0.1,0.32,-0.0,right
-6.23,0.02,6.39,-0.11,0.16,0.0,right
-6.31,0.0,6.32,-0.09,0.1,0.03,right
-6.41,-0.02,6.29,-0.1,0.19,0.0,right
-6.52,-0.09,6.1,-0.07,0.18,0.0,right
-6.6,0.02,6.0,-0.13,0.25,-0.02,right
-6.69,-0.1,5.88,-0.05,0.16,0.0,right
-6.88,-0.18,5.75,-0.09,0.17,0.0,right
-6.93,-0.23,5.69,-0.09,0.12,-0.01,right
-6.96,-0.2,5.56,-0.08,0.12,-0.04,right
-7.14,-0.14,5.47,-0.06,0.13,-0.03,right
-7.13,-0.16,5.37,-0.09,0.07,0.0,right
-7.19,-0.08,5.29,-0.06,0.15,0.01,right
-7.27,-0.2,5.27,-0.04,0.08,-0.03,right
-7.43,-0.15,5.2,-0.08,0.13,-0.01,right
-7.37,-0.11,5.06,-0.1,0.14,0.02,right
-7.52,-0.12,4.96,-0.12,0.07,-0.02,right
-7.56,-0.11,4.93,-0.07,0.09,0.01,right
-7.52,-0.06,4.83,-0.09,0.12,-0.0,right
-7.57,-0.09,4.74,-0.08,0.16,0.01,right
-7.8,-0.14,4.86,-0.12,0.0,-0.06,right
-7.62,-0.03,4.76,0.01,-0.41,0.04,right
-7.23,0.01,4.93,-0.06,-0.45,-0.01,right
-7.21,-0.14,5.63,-0.03,-0.48,0.04,right
-6.72,0.15,5.96,0.06,-0.48,0.02,right
-6.45,0.2,6.25,-0.09,-0.54,0.04,right
-6.04,0.05,6.39,-0.02,-0.26,0.03,right
-5.79,0.14,6.8,-0.1,-0.31,-0.03,right
-5.53,0.07,7.01,-0.1,-0.47,-0.0,right
-5.24,0.17,7.26,-0.04,-0.27,-0.06,right
-4.96,0.09,7.5,-0.1,-0.35,-0.0,right
-4.55,0.13,7.53,-0.13,-0.38,-0.01,right
-4.36,0.07,7.8,-0.12,-0.14,0.0,right
-4.13,0.05,7.79,-0.04,-0.13,-0.02,right
-4.03,-0.01,8.04,-0.1,-0.36,-0.01,right
-3.71,-0.04,7.95,-0.08,-0.17,0.01,right
-3.63,0.04,8.12,-0.05,-0.11,-0.01,right
-3.51,-0.02,8.24,-0.12,-0.19,0.0,right
-3.24,-0.03,8.28,-0.09,-0.12,-0.02,right
-3.22,-0.03,8.31,-0.09,-0.06,-0.03,right
-3.2,-0.14,8.34,-0.04,-0.06,-0.04,right
-3.05,-0.03,8.34,-0.08,-0.12,-0.01,right
-2.96,0.04,8.43,-0.06,-0.01,-0.02,right
-2.93,0.04,8.39,-0.05,0.01,-0.01,right
-2.93,0.04,8.43,-0.09,-0.01,0.01,right
-2.94,-0.09,8.46,-0.06,-0.02,0.0,right
-2.88,-0.0,8.42,-0.1,-0.04,0.01,right
-2.8,-0.01,8.47,-0.08,-0.08,0.02,right
-2.71,-0.03,8.45,-0.05,-0.05,-0.01,right
-2.68,0.05,8.36,-0.05,-0.07,0.0,right
-2.64,-0.15,8.62,-0.1,0.03,0.02,right
-2.54,-0.07,8.54,-0.09,0.03,-0.04,right
-2.57,-0.13,8.58,-0.11,-0.1,-0.03,right
-2.52,-0.14,8.61,-0.11,-0.07,-0.01,right
-2.38,-0.16,8.69,-0.1,-0.16,0.01,right
-2.19,-0.06,8.58,-0.04,-0.1,-0.01,right
-2.11,-0.11,8.65,-0.07,-0.16,-0.04,right
-1.97,-0.14,8.65,-0.11,-0.08,-0.03,right
-1.95,-0.12,8.75,-0.06,-0.04,0.0,right
-1.91,-0.18,8.83,-0.1,-0.2,-0.04,right
-1.58,-0.22,8.75,-0.07,-0.13,-0.04,right
-1.48,-0.16,8.84,-0.12,-0.23,0.0,right
-1.19,-0.22,8.75,-0.04,-0.13,-0.03,right
-1.11,-0.26,8.99,-0.1,-0.06,-0.0,right
-1.04,0.12,8.73,0.03,0.28,0.04,right
-1.21,-0.1,8.79,0.06,-0.22,-0.08,right
-0.91,0.03,8.38,-0.08,-0.39,0.02,right
-0.96,-0.19,9.23,-0.07,-0.09,-0.03,right
-1.08,0.1,8.84,0.03,0.35,0.17,right
-1.54,0.32,9.29,-0.29,0.25,0.04,right
-1.75,-0.16,8.98,-0.03,0.52,0.24,right
-1.46,0.6,8.74,0.27,-0.14,-0.25,right
-2.13,0.11,8.26,-0.28,-0.61,0.01,right
-1.7,0.12,9.1,-0.04,-0.37,0.1,right
-0.75,0.88,9.05,-0.26,-0.06,0.12,right
-0.87,0.62,8.62,0.55,-0.6,-0.01,right
-0.08,0.12,8.83,-0.22,-0.22,0.25,right
0.41,0.51,9.04,-0.09,0.05,-0.06,right
0.06,0.99,8.92,-0.12,0.11,-0.13,right
-0.21,0.12,9.16,-0.1,-0.04,0.01,right
-0.35,0.13,8.68,-0.05,0.15,-0.01,right
-0.06,0.17,9.04,-0.24,-0.16,0.13,right
0.23,0.23,9.13,-0.07,-0.04,-0.0,right
0.28,0.09,9.03,-0.07,0.02,-0.09,right
-0.78,-0.31,8.99,-0.07,0.01,-0.01,up
-0.65,-0.23,8.99,-0.08,0.01,-0.01,up
-0.65,-0.22,8.98,-0.07,0.01,-0.01,up
-0.63,-0.23,9.01,-0.07,0.01,-0.01,up
-0.65,-0.29,8.94,-0.07,0.01,-0.01,up
-0.66,-0.19,8.97,-0.07,0.01,-0.01,up
-0.65,-0.2,8.97,-0.08,0.01,-0.01,up
-0.7,-0.21,8.98,-0.07,0.01,-0.01,up
-0.75,-0.31,8.92,-0.07,0.01,-0.01,up
-0.71,-0.23,8.99,-0.07,0.01,-0.01,up
-0.61,-0.2,8.99,-0.07,0.01,-0.02,up
-0.95,-0.14,8.96,-0.08,-0.02,-0.02,up
0.08,-0.15,9.02,-0.08,-0.04,-0.14,up
-1.15,-0.84,9.25,-0.12,0.01,-0.07,up
-0.5,-0.4,9.43,-0.11,-0.07,-0.23,up
-0.14,0.47,7.93,-0.11,-0.62,-0.2,up
-0.14,-0.58,9.17,-0.1,-0.02,-0.01,up
0.29,-0.35,8.45,-0.09,-0.33,0.04,up
0.65,-0.29,9.91,-0.33,-0.02,0.04,up
0.22,-0.57,9.1,-0.26,0.5,0.06,up
-0.57,-0.98,8.79,-0.45,0.88,-0.03,up
-0.86,-1.29,8.79,-0.05,0.03,-0.04,up
-1.27,-1.55,8.79,-0.17,0.33,-0.05,up
-0.11,-1.4,9.02,-0.11,-0.7,0.04,up
-0.98,-1.03,9.84,-0.11,-0.37,-0.11,up
-0.7,-1.23,8.23,0.07,-0.57,-0.22,up
0.28,-1.06,10.28,-0.07,0.42,-0.21,up
-0.77,-1.27,9.3,-0.03,0.54,-0.02,up
-0.74,-1.33,9.15,-0.07,-0.0,0.0,up
-1.45,-1.34,8.89,-0.07,-0.0,-0.01,up
-1.25,-1.45,7.51,-0.06,0.08,0.1,up
-0.73,-1.58,9.16,0.05,-0.01,-0.04,up
-0.8,-0.92,9.27,0.04,0.12,-0.06,up
-0.96,-1.03,9.15,-0.04,0.08,-0.04,up
-0.99,-1.12,9.24,0.04,-0.12,-0.07,up
-0.82,-1.06,9.08,-0.1,-0.18,-0.04,up
-0.69,-1.47,8.88,-0.07,-0.19,-0.05,up
-0.47,-1.12,8.92,0.05,0.05,-0.1,up
-0.4,-1.18,9.09,-0.0,-0.1,-0.08,up
-0.56,-1.31,8.85,-0.23,-0.06,-0.21,up
-0.54,-1.23,9.13,0.03,0.09,-0.02,up
-0.24,-1.22,8.84,-0.26,-0.19,-0.06,up
-0.19,-1.24,8.23,-0.09,0.15,0.01,up
-0.44,-1.6,8.67,-0.16,0.18,0.03,up
-0.4,-1.6,9.52,-0.16,0.01,-0.01,up
-1.01,-0.97,9.12,0.14,-0.02,0.06,up
-0.75,-1.73,9.1,-0.05,-0.09,-0.04,up
-0.45,-1.1,9.06,0.12,0.15,0.1,up
-0.63,-1.41,8.79,-0.15,-0.19,0.01,up
-0.23,-1.01,8.6,0.04,-0.06,0.24,up
0.33,-1.76,7.38,0.07,0.04,0.06,up
-0.7,-1.2,9.14,0.08,-0.07,0.02,up
-0.48,-0.59,8.99,0.14,-0.11,0.05,up
-0.81,-0.46,9.12,0.37,0.15,0.04,up
-0.54,-0.11,9.02,0.17,-0.05,0.12,up
-0.64,0.04,8.86,0.08,-0.03,-0.05,up
-0.62,-0.15,8.87,0.16,-0.0,0.0,up
-0.48,0.24,9.05,0.11,-0.08,0.02,up
-0.58,0.49,8.81,0.36,0.0,0.0,up
-0.44,0.78,9.03,0.23,0.08,0.03,up
-0.5,1.19,8.97,0.15,0.03,0.04,up
-0.64,1.07,8.92,0.17,-0.03,0.05,up
-0.57,1.46,8.77,-0.04,-0.07,-0.03,up
-0.24,1.54,8.74,0.2,-0.03,-0.03,up
-0.53,1.72,8.88,0.16,-0.01,-0.02,up
-0.53,1.85,8.74,0.15,0.12,-0.07,up
-0.59,2.01,8.82,0.15,0.19,0.02,up
-0.71,2.18,8.56,0.04,0.02,-0.04,up
-0.47,2.39,8.43,0.02,-0.07,0.01,up
-0.42,2.62,8.62,0.29,0.02,0.02,up
-0.49,2.82,8.41,-0.01,-0.02,0.0,up
-0.14,2.98,8.3,0.21,0.06,0.02,up
0.02,3.32,8.2,0.3,-0.02,0.07,up
-0.22,3.58,8.26,0.09,0.0,0.08,up
-0.17,3.59,8.16,0.25,0.05,0.05,up
0.12,4.12,8.28,0.21,-0.15,0.13,up
-0.08,4.01,8.22,0.15,-0.13,0.01,up
-0.02,4.32,7.92,0.13,-0.07,0.01,up
-0.11,4.31,7.75,0.07,-0.07,0.0,up
0.28,4.76,7.73,-0.05,0.12,-0.02,up
0.33,4.92,7.64,0.37,-0.05,0.04,up
-0.03,4.7,7.57,0.16,-0.2,-0.05,up
-0.06,5.26,7.46,0.13,0.07,0.03,up
-0.06,5.25,7.26,0.16,0.06,-0.0,up
0.08,5.53,7.2,0.14,-0.01,0.02,up
-0.2,5.71,7.1,-0.01,0.04,-0.05,up
-0.19,5.77,7.18,0.0,-0.02,-0.07,up
-0.07,5.86,7.0,0.1,-0.03,0.04,up
0.08,5.99,6.83,0.03,-0.02,0.03,up
0.08,6.11,6.73,0.08,0.0,0.04,up
0.15,6.21,6.63,0.18,-0.06,0.05,up
0.08,6.31,6.49,0.16,-0.05,0.05,up
0.2,6.53,6.33,0.03,0.03,0.01,up
-0.02,6.13,6.35,0.01,0.16,-0.04,up
-0.11,6.28,6.63,0.09,0.04,-0.14,up
0.1,6.79,6.13,0.15,0.03,-0.0,up
-0.01,6.88,5.95,0.18,-0.17,0.09,up
0.12,7.12,5.72,0.5,-0.23,0.13,up
0.24,7.48,5.24,-0.33,0.09,-0.15,up
0.14,7.05,5.97,-0.02,-0.06,0.02,up
0.1,7.44,5.42,0.46,-0.02,0.05,up
0.41,7.8,4.86,-0.11,0.03,0.01,up
0.36,7.54,5.06,0.03,0.0,-0.0,up
0.44,7.76,4.89,0.21,-0.08,0.03,up
0.51,8.15,4.47,0.33,-0.01,0.04,up
0.45,8.12,4.31,-0.16,0.05,-0.0,up
0.71,8.11,4.27,0.05,0.07,0.02,up
0.64,8.22,3.94,-0.04,0.0,-0.0,up
0.68,8.28,4.1,-0.01,0.06,-0.03,up
0.45,8.31,3.92,0.04,0.1,-0.11,up
0.6,8.43,3.89,0.09,0.08,0.02,up
0.8,8.46,3.45,0.14,-0.03,0.05,up
0.28,8.66,3.78,0.0,-0.01,-0.01,up
0.45,8.54,3.66,0.22,0.01,-0.06,up
0.36,9.12,3.22,0.02,0.05,-0.01,up
0.28,8.69,3.43,-0.03,0.08,-0.05,up
0.3,9.05,3.3,0.17,0.1,-0.02,up
0.29,9.04,3.08,0.03,0.1,0.11,up
0.26,8.68,2.48,0.16,-0.11,0.05,up
0.07,9.07,2.48,0.04,-0.01,0.01,up
-0.06,9.09,2.37,0.09,-0.02,-0.07,up
0.06,9.29,2.13,0.4,-0.07,-0.0,up
0.15,9.33,1.85,-0.1,0.03,-0.09,up
0.13,9.16,2.02,0.02,0.07,-0.05,up
0.07,9.16,1.92,0.16,0.04,-0.06,up
0.13,9.45,1.56,0.26,-0.04,-0.05,up
0.1,9.23,1.38,-0.25,0.03,-0.05,up
0.0,9.24,1.62,0.02,0.04,0.02,up
0.08,9.47,1.54,-0.01,0.0,0.0,up
0.15,9.53,1.35,-0.12,0.01,-0.05,up
0.12,9.23,1.67,-0.24,0.04,-0.1,up
-0.01,9.27,1.83,-0.38,0.03,-0.04,up
0.14,9.29,2.35,-0.44,0.08,-0.07,up
-0.06,9.11,2.66,-0.26,0.03,-0.08,up
-0.05,9.05,2.67,-0.28,-0.03,-0.02,up
-0.01,8.94,2.89,-0.4,-0.04,-0.06,up
0.04,8.63,3.14,-0.29,-0.01,-0.02,up
-0.11,8.75,3.38,-0.27,-0.0,-0.02,up
-0.06,8.56,3.61,-0.27,0.01,-0.03,up
-0.16,8.48,3.76,-0.25,0.01,-0.04,up
-0.07,8.35,3.96,-0.29,0.01,-0.01,up
-0.15,8.24,4.17,-0.27,0.05,-0.02,up
-0.09,8.19,4.29,-0.26,0.02,-0.06,up
-0.04,7.98,4.43,-0.3,0.01,-0.1,up
-0.29,7.94,4.52,-0.21,0.08,-0.03,up
-0.18,7.89,4.73,-0.23,0.04,-0.04,up
-0.35,7.78,4.93,-0.37,0.02,-0.03,up
-0.27,7.44,5.18,-0.25,0.08,-0.04,up
-0.4,7.5,5.32,-0.19,0.07,-0.01,up
-0.28,7.4,5.46,-0.19,0.04,0.04,up
-0.17,7.29,5.39,-0.19,0.0,0.04,up
-0.19,7.3,5.62,-0.17,-0.06,-0.01,up
-0.17,7.11,5.6,-0.27,-0.08,-0.02,up
-0.2,6.98,5.85,-0.24,-0.11,0.03,up
-0.03,6.98,6.0,-0.25,0.01,0.05,up
-0.06,6.82,6.01,-0.25,0.04,-0.01,up
-0.2,6.79,6.0,-0.11,0.07,-0.04,up
-0.15,6.68,6.23,-0.23,-0.0,0.03,up
-0.02,6.47,6.23,-0.24,0.07,-0.09,up
-0.19,6.42,6.4,-0.25,0.09,-0.03,up
-0.19,6.3,6.57,-0.26,-0.1,0.02,up
-0.25,6.25,6.65,-0.14,-0.02,0.01,up
-0.01,5.99,6.68,-0.24,-0.05,0.03,up
0.06,5.98,6.67,-0.26,0.04,-0.02,up
-0.01,5.79,6.95,-0.35,-0.04,-0.11,up
-0.16,5.68,7.02,-0.22,0.0,-0.05,up
-0.11,5.37,7.27,-0.43,0.02,-0.04,up
-0.09,5.02,7.65,-0.27,0.03,-0.01,up
-0.13,4.98,7.61,-0.18,0.07,-0.02,up
-0.15,4.86,7.57,-0.19,0.0,-0.0,up
-0.14,4.88,7.57,-0.18,0.01,-0.02,up
-0.13,4.7,7.75,-0.26,0.04,-0.05,up
-0.19,4.35,7.86,-0.33,-0.01,-0.03,up
-0.21,4.39,7.81,-0.13,0.02,-0.0,up
-0.17,4.04,7.94,-0.31,0.03,-0.02,up
-0.23,4.05,8.01,-0.17,0.02,0.01,up
-0.25,3.81,8.03,-0.39,0.11,-0.02,up
-0.21,3.71,8.24,-0.19,0.03,-0.05,up
-0.29,3.51,8.3,-0.26,-0.01,-0.03,up
-0.16,3.45,8.11,-0.33,-0.15,-0.05,up
-0.29,3.12,8.43,-0.24,0.02,-0.05,up
-0.19,2.98,8.52,-0.3,0.08,-0.02,up
-0.27,2.7,8.84,-0.23,0.03,-0.03,up
-0.37,2.58,8.55,-0.09,0.16,-0.02,up
-0.48,2.41,8.61,-0.29,0.13,-0.05,up
-0.49,2.31,8.65,-0.27,0.1,0.02,up
-0.6,2.02,8.82,-0.25,0.16,-0.01,up
-0.83,1.8,8.96,-0.3,0.15,-0.05,up
-0.61,1.61,8.88,-0.35,-0.15,-0.02,up
-0.6,1.39,8.82,-0.36,0.07,-0.04,up
-0.52,1.13,8.86,-0.23,0.04,-0.01,up
-0.58,1.01,8.9,-0.28,0.08,-0.04,up
-0.68,0.92,8.97,-0.28,0.04,-0.04,up
-0.61,0.58,8.76,-0.09,0.1,0.0,up
-0.74,0.46,9.0,-0.33,0.03,-0.03,up
-0.79,0.3,8.94,-0.14,0.05,-0.02,up
-0.79,0.15,8.95,-0.22,-0.04,-0.03,up
-0.74,0.17,9.02,-0.15,0.06,0.02,up
-0.91,-0.08,9.15,-0.26,0.08,-0.02,up
-0.81,-0.16,8.89,-0.12,0.01,-0.01,up
-0.95,-0.25,9.06,-0.16,0.0,-0.01,up
-0.89,-0.24,9.04,-0.11,0.04,-0.01,up
-0.73,-0.24,8.87,-0.11,0.07,-0.01,up
-0.75,-0.26,8.86,-0.08,0.05,-0.01,up
-0.8,-0.26,8.91,-0.08,0.07,-0.02,up
-0.88,-0.34,9.0,-0.07,0.01,-0.01,up
-0.82,-0.32,8.94,-0.06,0.01,-0.01,up
-0.88,-0.35,8.97,-0.05,0.04,-0.0,up
-0.94,-0.35,8.96,-0.06,-0.08,-0.03,up
-0.82,-0.33,8.92,-0.09,-0.0,-0.02,up
-0.82,-0.28,8.97,-0.08,-0.01,-0.02,up
-0.68,-0.3,8.82,0.13,-0.12,0.02,up
-0.97,0.13,9.02,0.29,0.18,0.03,up
-1.02,0.37,8.91,0.09,0.0,-0.04,up
-0.95,0.77,8.99,0.62,-0.08,0.06,up
-0.9,1.28,8.76,0.12,-0.03,0.07,up
-0.85,1.53,8.87,0.17,0.01,0.03,up
-0.83,1.73,8.77,0.25,-0.01,0.03,up
-0.81,2.1,8.86,0.22,-0.03,0.01,up
-0.81,2.49,8.65,0.33,0.02,0.04,up
-0.77,2.75,8.49,0.22,0.0,0.01,up
-0.66,3.1,8.34,0.22,0.01,0.03,up
-0.7,3.3,8.35,0.09,0.02,0.0,up
-0.7,3.57,8.23,0.2,0.03,-0.02,up
-0.72,3.85,8.16,0.14,-0.02,0.01,up
-0.6,3.86,7.98,0.07,-0.03,-0.01,up
-0.62,4.05,8.09,0.11,0.06,0.0,up
-0.61,4.25,7.89,0.13,-0.02,0.03,up
-0.65,4.48,7.87,0.1,0.02,0.01,up
-0.6,4.62,7.76,0.17,0.01,0.02,up
-0.45,4.91,7.5,0.04,0.0,0.0,up
-0.52,4.99,7.68,0.22,0.02,0.02,up
-0.54,5.26,7.3,0.32,0.13,0.0,up
-0.56,5.62,7.14,0.19,-0.03,0.05,up
-0.43,5.75,6.97,0.21,0.03,0.03,up
-0.35,5.94,6.63,0.17,-0.01,0.02,up
-0.43,6.06,6.68,0.0,-0.01,-0.01,up
-0.44,6.22,6.67,0.15,-0.09,0.03,up
-0.25,6.34,6.45,0.02,-0.03,0.02,up
-0.28,6.56,6.34,0.12,-0.04,0.01,up
-0.31,6.64,6.2,0.15,-0.02,0.05,up
-0.34,6.88,6.08,0.15,0.0,0.03,up
-0.32,6.93,5.93,0.1,0.04,0.02,up
-0.28,7.05,5.75,0.12,-0.01,0.02,up
-0.21,7.08,5.54,0.16,0.02,0.05,up
-0.14,7.3,5.39,0.03,-0.03,0.01,up
-0.17,7.36,5.33,0.1,0.01,0.01,up
-0.2,7.52,5.24,0.13,0.01,0.04,up
-0.18,7.54,5.16,0.04,0.04,0.0,up
-0.15,7.58,5.07,-0.05,0.01,-0.01,up
-0.17,7.66,4.98,0.05,0.02,0.0,up
-0.09,7.92,4.88,0.23,0.05,0.02,up
-0.09,7.89,4.54,0.0,0.03,-0.01,up
-0.11,8.0,4.6,-0.03,-0.03,0.01,up
-0.13,8.02,4.55,0.17,0.02,0.01,up
-0.05,8.2,4.13,0.19,0.0,0.03,up
0.06,8.28,3.96,0.03,0.03,-0.01,up
-0.04,8.25,4.08,0.13,0.02,0.03,up
0.01,8.46,3.78,0.07,0.0,0.04,up
-0.05,8.54,3.73,0.1,-0.04,0.04,up
0.02,8.66,3.57,0.08,0.01,0.04,up
-0.15,8.68,3.38,0.14,0.04,0.08,up
0.13,8.81,3.03,0.06,-0.05,-0.02,up
0.07,8.84,3.04,0.03,-0.04,-0.04,up
0.1,8.91,2.88,0.29,-0.07,0.08,up
0.14,9.04,2.5,0.07,-0.03,-0.04,up
0.1,8.99,2.62,0.02,-0.02,-0.04,up
0.09,9.12,2.25,0.21,-0.02,0.02,up
0.18,9.11,2.18,-0.11,0.0,-0.05,up
0.13,9.2,2.15,0.11,-0.0,0.02,up
0.11,9.14,2.05,-0.06,0.04,0.0,up
0.15,9.15,1.92,-0.02,-0.03,-0.0,up
0.09,9.22,1.85,-0.14,-0.02,-0.02,up
-0.03,9.18,1.98,-0.14,0.01,-0.03,up
0.07,9.16,1.99,-0.18,0.05,-0.02,up
0.12,9.16,2.03,-0.19,-0.0,-0.04,up
0.0,9.08,2.27,-0.2,0.02,-0.04,up
-0.01,8.99,2.28,-0.37,0.02,-0.1,up
-0.06,8.9,2.81,-0.15,0.02,-0.01,up
-0.08,8.98,2.68,-0.13,0.06,-0.01,up
-0.13,8.74,2.85,-0.27,0.05,-0.06,up
-0.27,8.77,3.04,-0.26,-0.03,0.06,up
-0.12,8.9,3.27,-0.21,0.03,-0.05,up
-0.17,8.77,3.3,-0.21,-0.02,-0.08,up
-0.15,8.61,3.24,-0.08,-0.02,0.01,up
-0.15,8.42,3.39,-0.13,-0.04,-0.08,up
-0.14,8.59,3.41,-0.12,0.05,-0.02,up
-0.19,8.62,3.44,-0.22,0.05,-0.02,up
-0.16,8.63,3.65,-0.06,0.07,0.01,up
-0.06,8.66,3.63,-0.11,0.03,0.04,up
-0.13,8.42,3.68,-0.16,-0.07,-0.02,up
-0.05,8.4,3.58,-0.12,0.0,0.03,up
-0.04,8.28,3.86,-0.22,-0.02,0.0,up
0.06,8.25,3.84,-0.24,-0.13,-0.08,up
-0.0,8.28,4.08,-0.13,0.11,0.01,up
-0.09,8.41,4.11,-0.15,0.08,-0.01,up
-0.04,8.2,4.13,-0.18,0.04,-0.01,up
-0.04,8.04,4.14,-0.14,0.1,-0.05,up
-0.15,8.05,4.52,-0.26,0.02,-0.02,up
-0.14,8.02,4.47,-0.13,0.02,0.04,up
-0.06,7.96,4.47,-0.19,0.01,-0.03,up
-0.25,7.85,4.66,-0.23,-0.0,-0.04,up
-0.06,7.8,4.7,-0.22,0.11,-0.09,up
-0.21,7.64,5.14,-0.26,0.0,-0.04,up
-0.29,7.78,5.2,-0.25,0.03,-0.01,up
-0.33,7.48,5.43,-0.16,0.05,-0.04,up
-0.28,7.48,5.36,-0.15,-0.0,0.02,up
-0.3,7.36,5.42,-0.23,0.0,-0.03,up
-0.22,7.35,5.57,-0.22,0.04,-0.05,up
-0.27,7.25,5.67,-0.22,0.03,-0.02,up
-0.27,7.0,5.68,-0.19,0.08,-0.02,up
-0.24,6.83,5.86,-0.24,0.01,-0.03,up
-0.27,6.84,5.94,-0.23,0.02,-0.03,up
-0.3,6.61,6.2,-0.3,-0.01,-0.07,up
-0.52,6.34,6.45,-0.31,-0.05,-0.06,up
-0.45,6.45,6.43,-0.28,0.08,-0.04,up
-0.44,6.13,6.72,-0.25,0.06,-0.01,up
-0.53,6.0,6.8,-0.3,0.05,-0.04,up
-0.61,5.83,6.93,-0.39,-0.04,-0.02,up
-0.48,5.64,7.13,-0.24,-0.0,-0.01,up
-0.51,5.53,7.13,-0.22,0.02,-0.01,up
-0.51,5.41,7.21,-0.3,-0.01,-0.02,up
-0.54,5.28,7.31,-0.19,0.12,-0.06,up
-0.46,5.02,7.42,-0.28,-0.02,-0.03,up
-0.5,5.12,7.5,-0.19,0.06,-0.03,up
-0.59,4.75,7.6,-0.4,-0.02,-0.05,up
-0.6,4.74,7.6,-0.21,0.06,-0.02,up
-0.61,4.43,7.76,-0.2,0.03,-0.05,up
-0.64,4.36,7.83,-0.26,-0.01,-0.05,up
-0.69,4.09,7.98,-0.25,-0.03,-0.04,up
-0.65,3.8,8.14,-0.28,-0.05,-0.03,up
-0.66,3.79,8.09,-0.19,-0.03,-0.0,up
-0.58,3.55,8.26,-0.27,-0.04,-0.03,up
-0.56,3.52,8.25,-0.21,0.04,-0.04,up
-0.68,3.22,8.33,-0.33,0.05,-0.06,up
-0.73,3.02,8.24,-0.47,0.14,-0.09,up
-0.92,2.61,8.73,-0.34,0.14,-0.06,up
-0.8,2.48,8.6,-0.12,-0.12,-0.02,up
-0.81,2.33,8.4,-0.3,-0.02,0.02,up
-0.55,2.01,8.8,-0.35,-0.23,0.05,up
-0.43,1.91,8.81,-0.15,-0.14,-0.04,up
-0.15,1.71,8.86,-0.08,-0.02,0.04,up
-0.48,1.77,8.71,-0.12,0.2,-0.01,up
-0.55,1.72,8.96,-0.33,0.0,0.04,up
-0.46,1.64,8.71,-0.01,0.22,-0.03,up
-0.82,1.55,8.33,-0.36,0.14,-0.03,up
-0.28,1.21,8.85,-0.37,0.4,0.18,up
-1.01,1.38,9.1,-0.08,-0.03,0.0,up
-0.95,1.46,8.39,-0.16,0.44,0.15,up
-1.18,1.2,9.04,-0.36,0.08,-0.03,up
-0.9,0.91,9.06,-0.14,0.05,0.02,up
-1.53,1.0,8.71,0.03,0.1,-0.04,up
-1.06,1.07,8.75,-0.15,0.1,0.05,up
-0.56,1.03,8.53,-0.04,0.09,0.02,up
-1.09,0.97,8.98,-0.18,0.0,-0.05,up
-0.89,1.29,8.94,-0.07,-0.05,-0.07,up
-1.12,1.12,8.94,-0.08,-0.09,-0.07,up
